{
  "type": "FeatureCollection",
  "features": [
    {
      "type": "Feature",
      "geometry": {
        "type": "Point",
        "coordinates": [
          -58.1619444444444,
          -26.1830555555556
        ]
      },
      "properties": {
        "agency": "INA",
        "site_code": 2116,
        "name": "Paraguay - Pto. Formosa",
        "river": "Paraguay",
        "variables": "level",
        "variable_labels": "Water level",
        "country": "Argentina",
        "network": "RHN - SAT",
        "status": "ok",
        "level_m": 2.55,
        "discharge_m3s": null,
        "rain_mm": null,
        "temp_c": null,
        "wind_kmh": null,
        "humidity_pct": null,
        "last_reading_date": "2026-10-06T16:00:00",
        "days_since_reading": 0,
        "trend_variable": "level",
        "trend": "rising",
        "trend_change": 0.27,
        "trend_window_days": 21,
        "trend_history": "[{\"date\":\"2026-09-16\",\"value\":2.2},{\"date\":\"2026-09-17\",\"value\":2.23},{\"date\":\"2026-09-18\",\"value\":2.27},{\"date\":\"2026-09-19\",\"value\":2.34},{\"date\":\"2026-09-20\",\"value\":2.4},{\"date\":\"2026-09-21\",\"value\":2.49},{\"date\":\"2026-09-22\",\"value\":2.49},{\"date\":\"2026-09-23\",\"value\":2.51},{\"date\":\"2026-09-24\",\"value\":2.52},{\"date\":\"2026-09-25\",\"value\":2.52},{\"date\":\"2026-09-26\",\"value\":2.5},{\"date\":\"2026-09-27\",\"value\":2.48},{\"date\":\"2026-09-28\",\"value\":2.46},{\"date\":\"2026-09-29\",\"value\":2.47},{\"date\":\"2026-09-30\",\"value\":2.48},{\"date\":\"2026-10-01\",\"value\":2.48},{\"date\":\"2026-10-02\",\"value\":2.44},{\"date\":\"2026-10-03\",\"value\":2.45},{\"date\":\"2026-10-04\",\"value\":2.47},{\"date\":\"2026-10-05\",\"value\":2.5},{\"date\":\"2026-10-06\",\"value\":2.55}]",
        "has_forecast": false,
        "forecast": null,
        "alert_level_m": null,
        "critical_level_m": null,
        "disaster_level_m": null
      }
    },
    {
      "type": "Feature",
      "geometry": {
        "type": "Point",
        "coordinates": [
          -57.6502777777778,
          -25.3719444444444
        ]
      },
      "properties": {
        "agency": "INA",
        "site_code": 2133,
        "name": "Paraguay - Pto. Pilcomayo",
        "river": "Paraguay",
        "variables": "level",
        "variable_labels": "Water level",
        "country": "Argentina",
        "network": "RHN - SAT",
        "status": "ok",
        "level_m": 1.31,
        "discharge_m3s": null,
        "rain_mm": null,
        "temp_c": null,
        "wind_kmh": null,
        "humidity_pct": null,
        "last_reading_date": "2026-10-06T16:00:00",
        "days_since_reading": 0,
        "trend_variable": "level",
        "trend": "rising",
        "trend_change": 0.19,
        "trend_window_days": 21,
        "trend_history": "[{\"date\":\"2026-09-16\",\"value\":1.09},{\"date\":\"2026-09-17\",\"value\":1.06},{\"date\":\"2026-09-18\",\"value\":1.06},{\"date\":\"2026-09-19\",\"value\":1.1},{\"date\":\"2026-09-20\",\"value\":1.08},{\"date\":\"2026-09-21\",\"value\":1.09},{\"date\":\"2026-09-22\",\"value\":1.09},{\"date\":\"2026-09-23\",\"value\":1.09},{\"date\":\"2026-09-24\",\"value\":1.08},{\"date\":\"2026-09-25\",\"value\":1.08},{\"date\":\"2026-09-26\",\"value\":1.07},{\"date\":\"2026-09-27\",\"value\":1.07},{\"date\":\"2026-09-28\",\"value\":1.09},{\"date\":\"2026-09-29\",\"value\":1.12},{\"date\":\"2026-09-30\",\"value\":1.14},{\"date\":\"2026-10-01\",\"value\":1.13},{\"date\":\"2026-10-02\",\"value\":1.11},{\"date\":\"2026-10-03\",\"value\":1.1},{\"date\":\"2026-10-04\",\"value\":1.21},{\"date\":\"2026-10-05\",\"value\":1.25},{\"date\":\"2026-10-06\",\"value\":1.31}]",
        "has_forecast": false,
        "forecast": null,
        "alert_level_m": null,
        "critical_level_m": null,
        "disaster_level_m": null
      }
    },
    {
      "type": "Feature",
      "geometry": {
        "type": "Point",
        "coordinates": [
          -54.4213888888889,
          -25.6766666666667
        ]
      },
      "properties": {
        "agency": "INA",
        "site_code": 2149,
        "name": "Iguazú - Perfil Tipo",
        "river": "Iguazú",
        "variables": "level",
        "variable_labels": "Water level",
        "country": "Argentina",
        "network": "RHN - SAT",
        "status": "ok",
        "level_m": 2.82,
        "discharge_m3s": null,
        "rain_mm": null,
        "temp_c": null,
        "wind_kmh": null,
        "humidity_pct": null,
        "last_reading_date": "2026-10-06T16:00:00",
        "days_since_reading": 0,
        "trend_variable": "level",
        "trend": "steady",
        "trend_change": -0.07,
        "trend_window_days": 21,
        "trend_history": "[{\"date\":\"2026-09-16\",\"value\":2.72},{\"date\":\"2026-09-17\",\"value\":2.54},{\"date\":\"2026-09-18\",\"value\":2.48},{\"date\":\"2026-09-19\",\"value\":1.85},{\"date\":\"2026-09-20\",\"value\":1.8},{\"date\":\"2026-09-21\",\"value\":2.24},{\"date\":\"2026-09-22\",\"value\":2.26},{\"date\":\"2026-09-23\",\"value\":2.49},{\"date\":\"2026-09-24\",\"value\":2.4},{\"date\":\"2026-09-25\",\"value\":2.2},{\"date\":\"2026-09-26\",\"value\":2.13},{\"date\":\"2026-09-27\",\"value\":1.89},{\"date\":\"2026-09-28\",\"value\":1.94},{\"date\":\"2026-09-29\",\"value\":1.96},{\"date\":\"2026-09-30\",\"value\":2.47},{\"date\":\"2026-10-01\",\"value\":2.75},{\"date\":\"2026-10-02\",\"value\":2.87},{\"date\":\"2026-10-03\",\"value\":2.18},{\"date\":\"2026-10-04\",\"value\":2.04},{\"date\":\"2026-10-05\",\"value\":2.66},{\"date\":\"2026-10-06\",\"value\":2.82}]",
        "has_forecast": false,
        "forecast": null,
        "alert_level_m": null,
        "critical_level_m": null,
        "disaster_level_m": null
      }
    },
    {
      "type": "Feature",
      "geometry": {
        "type": "Point",
        "coordinates": [
          -53.995,
          -25.5905555555556
        ]
      },
      "properties": {
        "agency": "INA",
        "site_code": 2178,
        "name": "Iguazú - Puerto Andresito",
        "river": "Iguazú",
        "variables": "rain,level,discharge",
        "variable_labels": "Rain, Water level, Discharge",
        "country": "Argentina",
        "network": "RHN - SAT",
        "status": "ok",
        "level_m": 3.36,
        "discharge_m3s": 5310.86,
        "rain_mm": 0,
        "temp_c": null,
        "wind_kmh": null,
        "humidity_pct": null,
        "last_reading_date": "2026-10-06T16:00:00",
        "days_since_reading": 0,
        "trend_variable": "level",
        "trend": "rising",
        "trend_change": 0.15,
        "trend_window_days": 21,
        "trend_history": "[{\"date\":\"2026-09-16\",\"value\":3.21},{\"date\":\"2026-09-17\",\"value\":3.21},{\"date\":\"2026-09-18\",\"value\":2.42},{\"date\":\"2026-09-19\",\"value\":2.11},{\"date\":\"2026-09-20\",\"value\":2.37},{\"date\":\"2026-09-21\",\"value\":3.23},{\"date\":\"2026-09-22\",\"value\":3.2},{\"date\":\"2026-09-23\",\"value\":3.41},{\"date\":\"2026-09-24\",\"value\":3.12},{\"date\":\"2026-09-25\",\"value\":2.58},{\"date\":\"2026-09-26\",\"value\":1.85},{\"date\":\"2026-09-27\",\"value\":1.12},{\"date\":\"2026-09-28\",\"value\":1.83},{\"date\":\"2026-09-29\",\"value\":1.96},{\"date\":\"2026-09-30\",\"value\":2.96},{\"date\":\"2026-10-01\",\"value\":4.03},{\"date\":\"2026-10-02\",\"value\":3.36},{\"date\":\"2026-10-03\",\"value\":1.71},{\"date\":\"2026-10-04\",\"value\":2.23},{\"date\":\"2026-10-05\",\"value\":3.7},{\"date\":\"2026-10-06\",\"value\":3.36}]",
        "has_forecast": false,
        "forecast": null,
        "alert_level_m": null,
        "critical_level_m": null,
        "disaster_level_m": null
      }
    },
    {
      "type": "Feature",
      "geometry": {
        "type": "Point",
        "coordinates": [
          -59.3625,
          -26.3341666666667
        ]
      },
      "properties": {
        "agency": "INA",
        "site_code": 2188,
        "name": "Bermejo - El Colorado",
        "river": "Bermejo",
        "variables": "rain,level,discharge",
        "variable_labels": "Rain, Water level, Discharge",
        "country": "Argentina",
        "network": "RHN - SAT",
        "status": "ok",
        "level_m": 2.28,
        "discharge_m3s": null,
        "rain_mm": 0,
        "temp_c": null,
        "wind_kmh": null,
        "humidity_pct": null,
        "last_reading_date": "2026-10-06T17:00:00",
        "days_since_reading": 0,
        "trend_variable": "level",
        "trend": "falling",
        "trend_change": -0.15,
        "trend_window_days": 21,
        "trend_history": "[{\"date\":\"2026-09-16\",\"value\":2.45},{\"date\":\"2026-09-17\",\"value\":2.43},{\"date\":\"2026-09-18\",\"value\":2.42},{\"date\":\"2026-09-19\",\"value\":2.45},{\"date\":\"2026-09-20\",\"value\":2.42},{\"date\":\"2026-09-21\",\"value\":2.39},{\"date\":\"2026-09-22\",\"value\":2.38},{\"date\":\"2026-09-23\",\"value\":2.37},{\"date\":\"2026-09-24\",\"value\":2.34},{\"date\":\"2026-09-25\",\"value\":2.33},{\"date\":\"2026-09-26\",\"value\":2.31},{\"date\":\"2026-09-27\",\"value\":2.31},{\"date\":\"2026-09-28\",\"value\":2.31},{\"date\":\"2026-09-29\",\"value\":2.3},{\"date\":\"2026-09-30\",\"value\":2.3},{\"date\":\"2026-10-01\",\"value\":2.3},{\"date\":\"2026-10-02\",\"value\":2.3},{\"date\":\"2026-10-03\",\"value\":2.28},{\"date\":\"2026-10-04\",\"value\":2.28},{\"date\":\"2026-10-05\",\"value\":2.28},{\"date\":\"2026-10-06\",\"value\":2.28}]",
        "has_forecast": false,
        "forecast": null,
        "alert_level_m": null,
        "critical_level_m": null,
        "disaster_level_m": null
      }
    },
    {
      "type": "Feature",
      "geometry": {
        "type": "Point",
        "coordinates": [
          -64.1380555555556,
          -23.2480555555556
        ]
      },
      "properties": {
        "agency": "INA",
        "site_code": 2189,
        "name": "Bermejo - Embarcacion",
        "river": "Bermejo",
        "variables": "rain,level",
        "variable_labels": "Rain, Water level",
        "country": "Argentina",
        "network": "RHN - SAT",
        "status": "ok",
        "level_m": 0.68,
        "discharge_m3s": null,
        "rain_mm": 0,
        "temp_c": null,
        "wind_kmh": null,
        "humidity_pct": null,
        "last_reading_date": "2026-10-06T19:00:00",
        "days_since_reading": 0,
        "trend_variable": "level",
        "trend": "rising",
        "trend_change": 0.23,
        "trend_window_days": 21,
        "trend_history": "[{\"date\":\"2026-09-16\",\"value\":0.53},{\"date\":\"2026-09-17\",\"value\":0.5},{\"date\":\"2026-09-18\",\"value\":0.49},{\"date\":\"2026-09-19\",\"value\":0.48},{\"date\":\"2026-09-20\",\"value\":0.47},{\"date\":\"2026-09-21\",\"value\":0.46},{\"date\":\"2026-09-22\",\"value\":0.45},{\"date\":\"2026-09-23\",\"value\":0.45},{\"date\":\"2026-09-24\",\"value\":0.45},{\"date\":\"2026-09-25\",\"value\":0.43},{\"date\":\"2026-09-26\",\"value\":0.42},{\"date\":\"2026-09-27\",\"value\":0.41},{\"date\":\"2026-09-28\",\"value\":0.41},{\"date\":\"2026-09-29\",\"value\":0.51},{\"date\":\"2026-09-30\",\"value\":0.93},{\"date\":\"2026-10-01\",\"value\":0.76},{\"date\":\"2026-10-02\",\"value\":0.89},{\"date\":\"2026-10-03\",\"value\":0.87},{\"date\":\"2026-10-04\",\"value\":0.79},{\"date\":\"2026-10-05\",\"value\":0.73},{\"date\":\"2026-10-06\",\"value\":0.68}]",
        "has_forecast": false,
        "forecast": null,
        "alert_level_m": null,
        "critical_level_m": null,
        "disaster_level_m": null
      }
    },
    {
      "type": "Feature",
      "geometry": {
        "type": "Point",
        "coordinates": [
          -60.1280555555556,
          -25.6511111111111
        ]
      },
      "properties": {
        "agency": "INA",
        "site_code": 2193,
        "name": "Bermejo - Puerto Lavalle",
        "river": "Bermejo",
        "variables": "rain,level",
        "variable_labels": "Rain, Water level",
        "country": "Argentina",
        "network": "RHN - SAT",
        "status": "ok",
        "level_m": 0.61,
        "discharge_m3s": null,
        "rain_mm": 0,
        "temp_c": null,
        "wind_kmh": null,
        "humidity_pct": null,
        "last_reading_date": "2026-10-06T16:00:00",
        "days_since_reading": 0,
        "trend_variable": "level",
        "trend": "falling",
        "trend_change": -0.11,
        "trend_window_days": 21,
        "trend_history": "[{\"date\":\"2026-09-16\",\"value\":0.75},{\"date\":\"2026-09-17\",\"value\":0.73},{\"date\":\"2026-09-18\",\"value\":0.73},{\"date\":\"2026-09-19\",\"value\":0.72},{\"date\":\"2026-09-20\",\"value\":0.71},{\"date\":\"2026-09-21\",\"value\":0.68},{\"date\":\"2026-09-22\",\"value\":0.67},{\"date\":\"2026-09-23\",\"value\":0.67},{\"date\":\"2026-09-24\",\"value\":0.66},{\"date\":\"2026-09-25\",\"value\":0.66},{\"date\":\"2026-09-26\",\"value\":0.65},{\"date\":\"2026-09-27\",\"value\":0.66},{\"date\":\"2026-09-28\",\"value\":0.66},{\"date\":\"2026-09-29\",\"value\":0.66},{\"date\":\"2026-09-30\",\"value\":0.66},{\"date\":\"2026-10-01\",\"value\":0.65},{\"date\":\"2026-10-02\",\"value\":0.63},{\"date\":\"2026-10-03\",\"value\":0.63},{\"date\":\"2026-10-04\",\"value\":0.64},{\"date\":\"2026-10-05\",\"value\":0.63},{\"date\":\"2026-10-06\",\"value\":0.61}]",
        "has_forecast": false,
        "forecast": null,
        "alert_level_m": null,
        "critical_level_m": null,
        "disaster_level_m": null
      }
    },
    {
      "type": "Feature",
      "geometry": {
        "type": "Point",
        "coordinates": [
          -58.6338888888889,
          -26.6605555555556
        ]
      },
      "properties": {
        "agency": "INA",
        "site_code": 2194,
        "name": "Bermejo - Puerto Velaz",
        "river": "Bermejo",
        "variables": "rain,level",
        "variable_labels": "Rain, Water level",
        "country": "Argentina",
        "network": "RHN - SAT",
        "status": "ok",
        "level_m": 3.29,
        "discharge_m3s": null,
        "rain_mm": 0,
        "temp_c": null,
        "wind_kmh": null,
        "humidity_pct": null,
        "last_reading_date": "2026-10-06T16:00:00",
        "days_since_reading": 0,
        "trend_variable": "level",
        "trend": "falling",
        "trend_change": -0.13,
        "trend_window_days": 21,
        "trend_history": "[{\"date\":\"2026-09-16\",\"value\":3.44},{\"date\":\"2026-09-17\",\"value\":3.43},{\"date\":\"2026-09-18\",\"value\":3.39},{\"date\":\"2026-09-20\",\"value\":3.45},{\"date\":\"2026-09-21\",\"value\":3.39},{\"date\":\"2026-09-22\",\"value\":3.38},{\"date\":\"2026-09-23\",\"value\":3.37},{\"date\":\"2026-09-24\",\"value\":3.36},{\"date\":\"2026-09-25\",\"value\":3.34},{\"date\":\"2026-09-26\",\"value\":3.31},{\"date\":\"2026-09-27\",\"value\":3.31},{\"date\":\"2026-09-28\",\"value\":3.28},{\"date\":\"2026-09-29\",\"value\":3.28},{\"date\":\"2026-09-30\",\"value\":3.28},{\"date\":\"2026-10-01\",\"value\":3.28},{\"date\":\"2026-10-02\",\"value\":3.26},{\"date\":\"2026-10-03\",\"value\":3.27},{\"date\":\"2026-10-04\",\"value\":3.29},{\"date\":\"2026-10-05\",\"value\":3.29},{\"date\":\"2026-10-06\",\"value\":3.29}]",
        "has_forecast": false,
        "forecast": null,
        "alert_level_m": null,
        "critical_level_m": null,
        "disaster_level_m": null
      }
    },
    {
      "type": "Feature",
      "geometry": {
        "type": "Point",
        "coordinates": [
          -64.3647222222222,
          -22.725
        ]
      },
      "properties": {
        "agency": "INA",
        "site_code": 2815,
        "name": "Bermejo - Aguas Blancas MET",
        "river": "Bermejo",
        "variables": "rain,temperature,wind,humidity",
        "variable_labels": "Rain, Temperature, Wind, Humidity",
        "country": "Argentina",
        "network": "RHN - SAT",
        "status": "ok",
        "level_m": null,
        "discharge_m3s": null,
        "rain_mm": 0,
        "temp_c": 24,
        "wind_kmh": 2,
        "humidity_pct": 0,
        "last_reading_date": "2026-10-06T12:00:00",
        "days_since_reading": 0,
        "trend_variable": "temperature",
        "trend": "rising",
        "trend_change": 3.33,
        "trend_window_days": 21,
        "trend_history": "[{\"date\":\"2026-09-16\",\"value\":20},{\"date\":\"2026-09-17\",\"value\":21},{\"date\":\"2026-09-18\",\"value\":22},{\"date\":\"2026-09-19\",\"value\":25},{\"date\":\"2026-09-20\",\"value\":27},{\"date\":\"2026-09-21\",\"value\":22},{\"date\":\"2026-09-22\",\"value\":17},{\"date\":\"2026-09-23\",\"value\":19},{\"date\":\"2026-09-24\",\"value\":24},{\"date\":\"2026-09-25\",\"value\":27},{\"date\":\"2026-09-26\",\"value\":29},{\"date\":\"2026-09-27\",\"value\":31},{\"date\":\"2026-09-28\",\"value\":31},{\"date\":\"2026-09-29\",\"value\":20},{\"date\":\"2026-09-30\",\"value\":20},{\"date\":\"2026-10-01\",\"value\":21},{\"date\":\"2026-10-02\",\"value\":17},{\"date\":\"2026-10-03\",\"value\":25},{\"date\":\"2026-10-04\",\"value\":29},{\"date\":\"2026-10-05\",\"value\":20},{\"date\":\"2026-10-06\",\"value\":24}]",
        "has_forecast": false,
        "forecast": null,
        "alert_level_m": null,
        "critical_level_m": null,
        "disaster_level_m": null
      }
    },
    {
      "type": "Feature",
      "geometry": {
        "type": "Point",
        "coordinates": [
          -62.2133333333333,
          -22.7280555555556
        ]
      },
      "properties": {
        "agency": "INA",
        "site_code": 2826,
        "name": "Pilcomayo - Puesto Jerez",
        "river": "Pilcomayo",
        "variables": "level",
        "variable_labels": "Water level",
        "country": "Argentina",
        "network": "RHN - SAT",
        "status": "ok",
        "level_m": 0.92,
        "discharge_m3s": null,
        "rain_mm": null,
        "temp_c": null,
        "wind_kmh": null,
        "humidity_pct": null,
        "last_reading_date": "2026-10-06T16:00:00",
        "days_since_reading": 0,
        "trend_variable": "level",
        "trend": "rising",
        "trend_change": 0.1,
        "trend_window_days": 21,
        "trend_history": "[{\"date\":\"2026-09-16\",\"value\":0.86},{\"date\":\"2026-09-17\",\"value\":0.85},{\"date\":\"2026-09-18\",\"value\":0.72},{\"date\":\"2026-09-19\",\"value\":0.73},{\"date\":\"2026-09-20\",\"value\":1.07},{\"date\":\"2026-09-21\",\"value\":0.79},{\"date\":\"2026-09-22\",\"value\":1.09},{\"date\":\"2026-09-23\",\"value\":1.08},{\"date\":\"2026-09-24\",\"value\":0.99},{\"date\":\"2026-09-25\",\"value\":0.95},{\"date\":\"2026-09-26\",\"value\":0.79},{\"date\":\"2026-09-27\",\"value\":0.71},{\"date\":\"2026-09-28\",\"value\":0.68},{\"date\":\"2026-09-29\",\"value\":0.71},{\"date\":\"2026-09-30\",\"value\":0.72},{\"date\":\"2026-10-01\",\"value\":0.69},{\"date\":\"2026-10-02\",\"value\":0.68},{\"date\":\"2026-10-03\",\"value\":1.32},{\"date\":\"2026-10-04\",\"value\":0.81},{\"date\":\"2026-10-05\",\"value\":1.01},{\"date\":\"2026-10-06\",\"value\":0.92}]",
        "has_forecast": false,
        "forecast": null,
        "alert_level_m": null,
        "critical_level_m": null,
        "disaster_level_m": null
      }
    },
    {
      "type": "Feature",
      "geometry": {
        "type": "Point",
        "coordinates": [
          -62.5236111111111,
          -22.3775
        ]
      },
      "properties": {
        "agency": "INA",
        "site_code": 2846,
        "name": "Pilcomayo - Misión La Paz",
        "river": "Pilcomayo",
        "variables": "rain,level,temperature,wind,humidity",
        "variable_labels": "Rain, Water level, Temperature, Wind, Humidity",
        "country": "Argentina",
        "network": "RHN - SAT",
        "status": "ok",
        "level_m": 3.1,
        "discharge_m3s": null,
        "rain_mm": 0,
        "temp_c": 16,
        "wind_kmh": 4,
        "humidity_pct": 61,
        "last_reading_date": "2026-10-06T16:00:00",
        "days_since_reading": 0,
        "trend_variable": "level",
        "trend": "steady",
        "trend_change": 0.05,
        "trend_window_days": 21,
        "trend_history": "[{\"date\":\"2026-09-16\",\"value\":3.07},{\"date\":\"2026-09-17\",\"value\":3.06},{\"date\":\"2026-09-18\",\"value\":3.06},{\"date\":\"2026-09-19\",\"value\":3.1},{\"date\":\"2026-09-20\",\"value\":3.1},{\"date\":\"2026-10-05\",\"value\":3.12},{\"date\":\"2026-10-06\",\"value\":3.1}]",
        "has_forecast": false,
        "forecast": null,
        "alert_level_m": null,
        "critical_level_m": null,
        "disaster_level_m": null
      }
    },
    {
      "type": "Feature",
      "geometry": {
        "type": "Point",
        "coordinates": [
          -58.61,
          -27.2891666666667
        ]
      },
      "properties": {
        "agency": "INA",
        "site_code": 6449,
        "name": "Paraguay - Isla del Cerrito",
        "river": "Paraguay",
        "variables": "level",
        "variable_labels": "Water level",
        "country": "Argentina",
        "network": "RHN - SAT",
        "status": "ok",
        "level_m": 4.79,
        "discharge_m3s": null,
        "rain_mm": null,
        "temp_c": null,
        "wind_kmh": null,
        "humidity_pct": null,
        "last_reading_date": "2026-10-06T20:00:00",
        "days_since_reading": 0,
        "trend_variable": "level",
        "trend": "rising",
        "trend_change": 0.31,
        "trend_window_days": 21,
        "trend_history": "[{\"date\":\"2026-09-16\",\"value\":4.27},{\"date\":\"2026-09-17\",\"value\":4.37},{\"date\":\"2026-09-18\",\"value\":4.46},{\"date\":\"2026-09-19\",\"value\":4.62},{\"date\":\"2026-09-20\",\"value\":4.74},{\"date\":\"2026-09-21\",\"value\":4.82},{\"date\":\"2026-09-22\",\"value\":4.89},{\"date\":\"2026-09-23\",\"value\":4.9},{\"date\":\"2026-09-24\",\"value\":4.86},{\"date\":\"2026-09-25\",\"value\":4.76},{\"date\":\"2026-09-26\",\"value\":4.67},{\"date\":\"2026-09-27\",\"value\":4.63},{\"date\":\"2026-09-28\",\"value\":4.63},{\"date\":\"2026-09-29\",\"value\":4.61},{\"date\":\"2026-09-30\",\"value\":4.53},{\"date\":\"2026-10-01\",\"value\":4.41},{\"date\":\"2026-10-02\",\"value\":4.37},{\"date\":\"2026-10-03\",\"value\":4.46},{\"date\":\"2026-10-04\",\"value\":4.56},{\"date\":\"2026-10-05\",\"value\":4.69},{\"date\":\"2026-10-06\",\"value\":4.79}]",
        "has_forecast": false,
        "forecast": null,
        "alert_level_m": null,
        "critical_level_m": null,
        "disaster_level_m": null
      }
    },
    {
      "type": "Feature",
      "geometry": {
        "type": "Point",
        "coordinates": [
          -58.6427777777778,
          -27.1180555555556
        ]
      },
      "properties": {
        "agency": "INA",
        "site_code": 6511,
        "name": "Paraguay - Las Palmas",
        "river": "Paraguay",
        "variables": "rain,level",
        "variable_labels": "Rain, Water level",
        "country": "Argentina",
        "network": "RHN - SAT",
        "status": "ok",
        "level_m": 4.21,
        "discharge_m3s": null,
        "rain_mm": 0,
        "temp_c": null,
        "wind_kmh": null,
        "humidity_pct": null,
        "last_reading_date": "2026-10-06T20:00:00",
        "days_since_reading": 0,
        "trend_variable": "level",
        "trend": "rising",
        "trend_change": 0.38,
        "trend_window_days": 21,
        "trend_history": "[{\"date\":\"2026-09-16\",\"value\":3.63},{\"date\":\"2026-09-17\",\"value\":3.73},{\"date\":\"2026-09-18\",\"value\":3.82},{\"date\":\"2026-09-19\",\"value\":3.97},{\"date\":\"2026-09-20\",\"value\":4.09},{\"date\":\"2026-09-21\",\"value\":4.17},{\"date\":\"2026-09-22\",\"value\":4.22},{\"date\":\"2026-09-23\",\"value\":4.23},{\"date\":\"2026-09-24\",\"value\":4.23},{\"date\":\"2026-09-25\",\"value\":4.17},{\"date\":\"2026-09-26\",\"value\":4.1},{\"date\":\"2026-09-27\",\"value\":4.08},{\"date\":\"2026-09-28\",\"value\":4.09},{\"date\":\"2026-09-29\",\"value\":4.06},{\"date\":\"2026-09-30\",\"value\":3.99},{\"date\":\"2026-10-01\",\"value\":3.88},{\"date\":\"2026-10-02\",\"value\":3.84},{\"date\":\"2026-10-03\",\"value\":3.91},{\"date\":\"2026-10-04\",\"value\":4},{\"date\":\"2026-10-05\",\"value\":4.12},{\"date\":\"2026-10-06\",\"value\":4.21}]",
        "has_forecast": false,
        "forecast": null,
        "alert_level_m": null,
        "critical_level_m": null,
        "disaster_level_m": null
      }
    },
    {
      "type": "Feature",
      "geometry": {
        "type": "Point",
        "coordinates": [
          -64.3691666666667,
          -22.7263888888889
        ]
      },
      "properties": {
        "agency": "INA",
        "site_code": 6548,
        "name": "Bermejo - Aguas Blancas LIM",
        "river": "Bermejo",
        "variables": "level",
        "variable_labels": "Water level",
        "country": "Argentina",
        "network": "RHN - SAT",
        "status": "ok",
        "level_m": 1.52,
        "discharge_m3s": null,
        "rain_mm": null,
        "temp_c": null,
        "wind_kmh": null,
        "humidity_pct": null,
        "last_reading_date": "2026-10-06T16:00:00",
        "days_since_reading": 0,
        "trend_variable": "level",
        "trend": "rising",
        "trend_change": 0.46,
        "trend_window_days": 21,
        "trend_history": "[{\"date\":\"2026-09-16\",\"value\":1.09},{\"date\":\"2026-09-17\",\"value\":1.09},{\"date\":\"2026-09-18\",\"value\":1.09},{\"date\":\"2026-09-19\",\"value\":1.11},{\"date\":\"2026-09-20\",\"value\":1.09},{\"date\":\"2026-09-21\",\"value\":1.45},{\"date\":\"2026-09-22\",\"value\":1.43},{\"date\":\"2026-09-23\",\"value\":1.44},{\"date\":\"2026-09-24\",\"value\":1.42},{\"date\":\"2026-09-25\",\"value\":1.42},{\"date\":\"2026-09-26\",\"value\":1.41},{\"date\":\"2026-09-27\",\"value\":1.41},{\"date\":\"2026-09-28\",\"value\":1.4},{\"date\":\"2026-09-29\",\"value\":1.55},{\"date\":\"2026-09-30\",\"value\":1.93},{\"date\":\"2026-10-01\",\"value\":1.71},{\"date\":\"2026-10-02\",\"value\":1.76},{\"date\":\"2026-10-03\",\"value\":1.68},{\"date\":\"2026-10-04\",\"value\":1.58},{\"date\":\"2026-10-05\",\"value\":1.55},{\"date\":\"2026-10-06\",\"value\":1.52}]",
        "has_forecast": false,
        "forecast": null,
        "alert_level_m": null,
        "critical_level_m": null,
        "disaster_level_m": null
      }
    },
    {
      "type": "Feature",
      "geometry": {
        "type": "Point",
        "coordinates": [
          -57.8730555555556,
          -25.875
        ]
      },
      "properties": {
        "agency": "INA",
        "site_code": 6658,
        "name": "Paraguay - Puerto Dalmacia",
        "river": "Paraguay",
        "variables": "level",
        "variable_labels": "Water level",
        "country": "Argentina",
        "network": "RHN - SAT",
        "status": "ok",
        "level_m": 1.74,
        "discharge_m3s": null,
        "rain_mm": null,
        "temp_c": null,
        "wind_kmh": null,
        "humidity_pct": null,
        "last_reading_date": "2026-10-06T16:00:00",
        "days_since_reading": 0,
        "trend_variable": "level",
        "trend": "rising",
        "trend_change": 0.22,
        "trend_window_days": 21,
        "trend_history": "[{\"date\":\"2026-09-16\",\"value\":1.48},{\"date\":\"2026-09-17\",\"value\":1.49},{\"date\":\"2026-09-18\",\"value\":1.5},{\"date\":\"2026-09-19\",\"value\":1.56},{\"date\":\"2026-09-20\",\"value\":1.61},{\"date\":\"2026-09-21\",\"value\":1.63},{\"date\":\"2026-09-22\",\"value\":1.64},{\"date\":\"2026-09-23\",\"value\":1.64},{\"date\":\"2026-09-24\",\"value\":1.64},{\"date\":\"2026-09-25\",\"value\":1.63},{\"date\":\"2026-09-26\",\"value\":1.62},{\"date\":\"2026-09-27\",\"value\":1.6},{\"date\":\"2026-09-28\",\"value\":1.59},{\"date\":\"2026-09-29\",\"value\":1.61},{\"date\":\"2026-09-30\",\"value\":1.63},{\"date\":\"2026-10-01\",\"value\":1.64},{\"date\":\"2026-10-02\",\"value\":1.6},{\"date\":\"2026-10-03\",\"value\":1.6},{\"date\":\"2026-10-04\",\"value\":1.68},{\"date\":\"2026-10-05\",\"value\":1.7},{\"date\":\"2026-10-06\",\"value\":1.74}]",
        "has_forecast": false,
        "forecast": null,
        "alert_level_m": null,
        "critical_level_m": null,
        "disaster_level_m": null
      }
    },
    {
      "type": "Feature",
      "geometry": {
        "type": "Point",
        "coordinates": [
          -59.4997222222222,
          -24.7469444444444
        ]
      },
      "properties": {
        "agency": "INA",
        "site_code": 6660,
        "name": "Pilcomayo - Villa Gral. Güemes",
        "river": "Pilcomayo",
        "variables": "level",
        "variable_labels": "Water level",
        "country": "Argentina",
        "network": "RHN - SAT",
        "status": "ok",
        "level_m": 1.34,
        "discharge_m3s": null,
        "rain_mm": null,
        "temp_c": null,
        "wind_kmh": null,
        "humidity_pct": null,
        "last_reading_date": "2026-10-06T16:00:00",
        "days_since_reading": 0,
        "trend_variable": "level",
        "trend": "falling",
        "trend_change": -0.21,
        "trend_window_days": 21,
        "trend_history": "[{\"date\":\"2026-09-16\",\"value\":1.57},{\"date\":\"2026-09-17\",\"value\":1.55},{\"date\":\"2026-09-18\",\"value\":1.56},{\"date\":\"2026-09-19\",\"value\":1.55},{\"date\":\"2026-09-20\",\"value\":1.55},{\"date\":\"2026-09-21\",\"value\":1.55},{\"date\":\"2026-09-22\",\"value\":1.55},{\"date\":\"2026-09-23\",\"value\":1.54},{\"date\":\"2026-09-24\",\"value\":1.52},{\"date\":\"2026-09-25\",\"value\":1.5},{\"date\":\"2026-09-26\",\"value\":1.49},{\"date\":\"2026-09-27\",\"value\":1.48},{\"date\":\"2026-09-28\",\"value\":1.47},{\"date\":\"2026-09-29\",\"value\":1.48},{\"date\":\"2026-09-30\",\"value\":1.49},{\"date\":\"2026-10-01\",\"value\":1.45},{\"date\":\"2026-10-02\",\"value\":1.4},{\"date\":\"2026-10-03\",\"value\":1.37},{\"date\":\"2026-10-04\",\"value\":1.36},{\"date\":\"2026-10-05\",\"value\":1.36},{\"date\":\"2026-10-06\",\"value\":1.34}]",
        "has_forecast": false,
        "forecast": null,
        "alert_level_m": null,
        "critical_level_m": null,
        "disaster_level_m": null
      }
    },
    {
      "type": "Feature",
      "geometry": {
        "type": "Point",
        "coordinates": [
          -64.6527777777778,
          -22.1902777777778
        ]
      },
      "properties": {
        "agency": "INA",
        "site_code": 6678,
        "name": "Bermejo - Alarache",
        "river": "Bermejo",
        "variables": "rain,level",
        "variable_labels": "Rain, Water level",
        "country": "Argentina",
        "network": "RHN - SAT",
        "status": "ok",
        "level_m": 0,
        "discharge_m3s": null,
        "rain_mm": 0,
        "temp_c": null,
        "wind_kmh": null,
        "humidity_pct": null,
        "last_reading_date": "2026-10-06T16:00:00",
        "days_since_reading": 0,
        "trend_variable": "level",
        "trend": "steady",
        "trend_change": -0.03,
        "trend_window_days": 21,
        "trend_history": "[{\"date\":\"2026-09-16\",\"value\":0.01},{\"date\":\"2026-09-17\",\"value\":0.01},{\"date\":\"2026-09-18\",\"value\":0.07},{\"date\":\"2026-09-19\",\"value\":0.04},{\"date\":\"2026-09-20\",\"value\":0},{\"date\":\"2026-09-21\",\"value\":0.01},{\"date\":\"2026-09-22\",\"value\":0.03},{\"date\":\"2026-09-23\",\"value\":0.02},{\"date\":\"2026-09-24\",\"value\":0},{\"date\":\"2026-09-25\",\"value\":-0.01},{\"date\":\"2026-09-26\",\"value\":0},{\"date\":\"2026-09-27\",\"value\":-0.01},{\"date\":\"2026-09-28\",\"value\":-0.01},{\"date\":\"2026-09-29\",\"value\":0.04},{\"date\":\"2026-09-30\",\"value\":0.04},{\"date\":\"2026-10-01\",\"value\":0.01},{\"date\":\"2026-10-02\",\"value\":0},{\"date\":\"2026-10-03\",\"value\":-0.01},{\"date\":\"2026-10-04\",\"value\":0},{\"date\":\"2026-10-05\",\"value\":0},{\"date\":\"2026-10-06\",\"value\":0}]",
        "has_forecast": false,
        "forecast": null,
        "alert_level_m": null,
        "critical_level_m": null,
        "disaster_level_m": null
      }
    },
    {
      "type": "Feature",
      "geometry": {
        "type": "Point",
        "coordinates": [
          -64.4636111111111,
          -22.4925
        ]
      },
      "properties": {
        "agency": "INA",
        "site_code": 7247,
        "name": "Bermejo - Balapuca MET",
        "river": "Bermejo",
        "variables": "rain,level,temperature,wind,humidity",
        "variable_labels": "Rain, Water level, Temperature, Wind, Humidity",
        "country": "Argentina",
        "network": "RHN - SAT",
        "status": "ok",
        "level_m": 2.09,
        "discharge_m3s": null,
        "rain_mm": 0,
        "temp_c": 41,
        "wind_kmh": 56,
        "humidity_pct": 10,
        "last_reading_date": "2026-10-05T09:00:00",
        "days_since_reading": 1,
        "trend_variable": "level",
        "trend": "steady",
        "trend_change": 0,
        "trend_window_days": 21,
        "trend_history": "[{\"date\":\"2026-09-17\",\"value\":2.09},{\"date\":\"2026-09-18\",\"value\":2.09},{\"date\":\"2026-09-19\",\"value\":2.09},{\"date\":\"2026-09-20\",\"value\":2.09},{\"date\":\"2026-09-21\",\"value\":2.09},{\"date\":\"2026-09-22\",\"value\":2.09},{\"date\":\"2026-09-23\",\"value\":2.09},{\"date\":\"2026-09-24\",\"value\":2.09},{\"date\":\"2026-09-26\",\"value\":2.09},{\"date\":\"2026-09-27\",\"value\":2.09},{\"date\":\"2026-09-28\",\"value\":2.09},{\"date\":\"2026-09-29\",\"value\":2.09},{\"date\":\"2026-09-30\",\"value\":2.09},{\"date\":\"2026-10-01\",\"value\":2.09},{\"date\":\"2026-10-03\",\"value\":2.09},{\"date\":\"2026-10-04\",\"value\":2.09},{\"date\":\"2026-10-05\",\"value\":2.09}]",
        "has_forecast": false,
        "forecast": null,
        "alert_level_m": null,
        "critical_level_m": null,
        "disaster_level_m": null
      }
    },
    {
      "type": "Feature",
      "geometry": {
        "type": "Point",
        "coordinates": [
          -64.1947222222222,
          -23.1438888888889
        ]
      },
      "properties": {
        "agency": "INA",
        "site_code": 7248,
        "name": "Bermejo - P. Sarmiento",
        "river": "Bermejo",
        "variables": "level",
        "variable_labels": "Water level",
        "country": "Argentina",
        "network": "RHN - SAT",
        "status": "ok",
        "level_m": 0.28,
        "discharge_m3s": null,
        "rain_mm": null,
        "temp_c": null,
        "wind_kmh": null,
        "humidity_pct": null,
        "last_reading_date": "2026-10-06T16:00:00",
        "days_since_reading": 0,
        "trend_variable": "level",
        "trend": "rising",
        "trend_change": 0.22,
        "trend_window_days": 21,
        "trend_history": "[{\"date\":\"2026-09-16\",\"value\":0.14},{\"date\":\"2026-09-17\",\"value\":0.11},{\"date\":\"2026-09-18\",\"value\":0.08},{\"date\":\"2026-09-19\",\"value\":0.07},{\"date\":\"2026-09-20\",\"value\":0.07},{\"date\":\"2026-09-21\",\"value\":0.04},{\"date\":\"2026-09-22\",\"value\":0.04},{\"date\":\"2026-09-23\",\"value\":0.02},{\"date\":\"2026-09-24\",\"value\":0.02},{\"date\":\"2026-09-25\",\"value\":0},{\"date\":\"2026-09-26\",\"value\":-0.01},{\"date\":\"2026-09-27\",\"value\":-0.02},{\"date\":\"2026-09-28\",\"value\":-0.03},{\"date\":\"2026-09-29\",\"value\":0.13},{\"date\":\"2026-09-30\",\"value\":0.82},{\"date\":\"2026-10-01\",\"value\":0.41},{\"date\":\"2026-10-02\",\"value\":0.57},{\"date\":\"2026-10-03\",\"value\":0.48},{\"date\":\"2026-10-04\",\"value\":0.38},{\"date\":\"2026-10-05\",\"value\":0.32},{\"date\":\"2026-10-06\",\"value\":0.28}]",
        "has_forecast": false,
        "forecast": null,
        "alert_level_m": null,
        "critical_level_m": null,
        "disaster_level_m": null
      }
    },
    {
      "type": "Feature",
      "geometry": {
        "type": "Point",
        "coordinates": [
          -64.9613888888889,
          -22.2486111111111
        ]
      },
      "properties": {
        "agency": "INA",
        "site_code": 7249,
        "name": "Bermejo - Santa Victoria Oeste",
        "river": "Bermejo",
        "variables": "rain,level",
        "variable_labels": "Rain, Water level",
        "country": "Argentina",
        "network": "RHN - SAT",
        "status": "ok",
        "level_m": 0.81,
        "discharge_m3s": null,
        "rain_mm": 0,
        "temp_c": null,
        "wind_kmh": null,
        "humidity_pct": null,
        "last_reading_date": "2026-10-06T16:00:00",
        "days_since_reading": 0,
        "trend_variable": "level",
        "trend": "rising",
        "trend_change": 0.05,
        "trend_window_days": 21,
        "trend_history": "[{\"date\":\"2026-09-16\",\"value\":0.74},{\"date\":\"2026-09-17\",\"value\":0.74},{\"date\":\"2026-09-18\",\"value\":0.8},{\"date\":\"2026-09-19\",\"value\":0.76},{\"date\":\"2026-09-20\",\"value\":0.75},{\"date\":\"2026-09-21\",\"value\":0.76},{\"date\":\"2026-09-22\",\"value\":0.74},{\"date\":\"2026-09-23\",\"value\":0.86},{\"date\":\"2026-09-24\",\"value\":0.85},{\"date\":\"2026-09-25\",\"value\":0.84},{\"date\":\"2026-09-26\",\"value\":0.84},{\"date\":\"2026-09-27\",\"value\":0.83},{\"date\":\"2026-09-28\",\"value\":0.85},{\"date\":\"2026-09-29\",\"value\":0.87},{\"date\":\"2026-09-30\",\"value\":0.83},{\"date\":\"2026-10-01\",\"value\":0.8},{\"date\":\"2026-10-02\",\"value\":0.81},{\"date\":\"2026-10-03\",\"value\":0.79},{\"date\":\"2026-10-04\",\"value\":0.8},{\"date\":\"2026-10-05\",\"value\":0.81},{\"date\":\"2026-10-06\",\"value\":0.81}]",
        "has_forecast": false,
        "forecast": null,
        "alert_level_m": null,
        "critical_level_m": null,
        "disaster_level_m": null
      }
    },
    {
      "type": "Feature",
      "geometry": {
        "type": "Point",
        "coordinates": [
          -54.58,
          -25.5933333333333
        ]
      },
      "properties": {
        "agency": "INA",
        "site_code": 7277,
        "name": "Iguazú - Pto. Iguazú",
        "river": "Iguazú",
        "variables": "level",
        "variable_labels": "Water level",
        "country": "Argentina",
        "network": "RHN - SAT",
        "status": "ok",
        "level_m": 19.76,
        "discharge_m3s": null,
        "rain_mm": null,
        "temp_c": null,
        "wind_kmh": null,
        "humidity_pct": null,
        "last_reading_date": "2026-10-06T19:00:00",
        "days_since_reading": 0,
        "trend_variable": "level",
        "trend": "steady",
        "trend_change": 0.56,
        "trend_window_days": 21,
        "trend_history": "[{\"date\":\"2026-09-16\",\"value\":18.99},{\"date\":\"2026-09-17\",\"value\":18.93},{\"date\":\"2026-09-18\",\"value\":18.48},{\"date\":\"2026-09-19\",\"value\":18.22},{\"date\":\"2026-09-20\",\"value\":17.06},{\"date\":\"2026-09-21\",\"value\":16.65},{\"date\":\"2026-09-22\",\"value\":16.78},{\"date\":\"2026-09-23\",\"value\":17.42},{\"date\":\"2026-09-24\",\"value\":18.22},{\"date\":\"2026-09-25\",\"value\":18.14},{\"date\":\"2026-09-26\",\"value\":17.8},{\"date\":\"2026-09-27\",\"value\":16.86},{\"date\":\"2026-09-28\",\"value\":16.45},{\"date\":\"2026-09-29\",\"value\":15.55},{\"date\":\"2026-09-30\",\"value\":17.94},{\"date\":\"2026-10-01\",\"value\":19.27},{\"date\":\"2026-10-02\",\"value\":19.21},{\"date\":\"2026-10-03\",\"value\":19.23},{\"date\":\"2026-10-04\",\"value\":18.91},{\"date\":\"2026-10-05\",\"value\":19.4},{\"date\":\"2026-10-06\",\"value\":19.76}]",
        "has_forecast": false,
        "forecast": null,
        "alert_level_m": null,
        "critical_level_m": null,
        "disaster_level_m": null
      }
    },
    {
      "type": "Feature",
      "geometry": {
        "type": "Point",
        "coordinates": [
          -58.3591666666667,
          -26.4077777777778
        ]
      },
      "properties": {
        "agency": "INA",
        "site_code": 6659,
        "name": "Riacho Salado - Tatané - RN 11",
        "river": "Riacho Salado",
        "variables": "level",
        "variable_labels": "Water level",
        "country": "Argentina",
        "network": "RHN - SAT",
        "status": "ok",
        "level_m": 1.34,
        "discharge_m3s": null,
        "rain_mm": null,
        "temp_c": null,
        "wind_kmh": null,
        "humidity_pct": null,
        "last_reading_date": "2026-10-06T16:00:00",
        "days_since_reading": 0,
        "trend_variable": "level",
        "trend": "steady",
        "trend_change": 0,
        "trend_window_days": 21,
        "trend_history": "[{\"date\":\"2026-09-16\",\"value\":1.34},{\"date\":\"2026-09-17\",\"value\":1.34},{\"date\":\"2026-09-18\",\"value\":1.34},{\"date\":\"2026-09-19\",\"value\":1.34},{\"date\":\"2026-09-20\",\"value\":1.34},{\"date\":\"2026-09-21\",\"value\":1.34},{\"date\":\"2026-09-22\",\"value\":1.34},{\"date\":\"2026-09-23\",\"value\":1.34},{\"date\":\"2026-09-24\",\"value\":1.34},{\"date\":\"2026-09-25\",\"value\":1.34},{\"date\":\"2026-09-26\",\"value\":1.34},{\"date\":\"2026-09-27\",\"value\":1.34},{\"date\":\"2026-09-28\",\"value\":1.34},{\"date\":\"2026-09-29\",\"value\":1.34},{\"date\":\"2026-09-30\",\"value\":1.34},{\"date\":\"2026-10-01\",\"value\":1.34},{\"date\":\"2026-10-02\",\"value\":1.34},{\"date\":\"2026-10-03\",\"value\":1.34},{\"date\":\"2026-10-04\",\"value\":1.34},{\"date\":\"2026-10-05\",\"value\":1.34},{\"date\":\"2026-10-06\",\"value\":1.34}]",
        "has_forecast": false,
        "forecast": null,
        "alert_level_m": null,
        "critical_level_m": null,
        "disaster_level_m": null
      }
    },
    {
      "type": "Feature",
      "geometry": {
        "type": "Point",
        "coordinates": [
          -57.65,
          -25.3666666666667
        ]
      },
      "properties": {
        "agency": "INA",
        "site_code": 55,
        "name": "Puerto Pilcomayo",
        "river": "Paraguay",
        "variables": "level,discharge,hydrological_state",
        "variable_labels": "Water level, Discharge, Hydrological state",
        "country": "Argentina",
        "network": "escalas Prefectura Nacional",
        "status": "ok",
        "level_m": 1.23,
        "discharge_m3s": 1651.31,
        "rain_mm": null,
        "temp_c": null,
        "wind_kmh": null,
        "humidity_pct": null,
        "last_reading_date": "2026-10-06T00:00:00",
        "days_since_reading": 1,
        "trend_variable": "level",
        "trend": "rising",
        "trend_change": 0.07,
        "trend_window_days": 21,
        "trend_history": "[{\"date\":\"2026-09-16\",\"value\":1.11},{\"date\":\"2026-09-17\",\"value\":1.1},{\"date\":\"2026-09-18\",\"value\":1.09},{\"date\":\"2026-09-19\",\"value\":1.07},{\"date\":\"2026-09-20\",\"value\":1.09},{\"date\":\"2026-09-21\",\"value\":1.09},{\"date\":\"2026-09-22\",\"value\":1.08},{\"date\":\"2026-09-23\",\"value\":1.1},{\"date\":\"2026-09-24\",\"value\":1.09},{\"date\":\"2026-09-25\",\"value\":1.08},{\"date\":\"2026-09-26\",\"value\":1.06},{\"date\":\"2026-09-27\",\"value\":1.06},{\"date\":\"2026-09-28\",\"value\":1.06},{\"date\":\"2026-09-29\",\"value\":1.06},{\"date\":\"2026-09-30\",\"value\":1.08},{\"date\":\"2026-10-01\",\"value\":1.13},{\"date\":\"2026-10-02\",\"value\":1.13},{\"date\":\"2026-10-03\",\"value\":1.12},{\"date\":\"2026-10-04\",\"value\":1.12},{\"date\":\"2026-10-05\",\"value\":1.17},{\"date\":\"2026-10-06\",\"value\":1.23}]",
        "has_forecast": true,
        "forecast": "{\"issued\":\"2026-10-06T12:00:00Z\",\"tendencia\":\"crece\",\"alert_level_m\":5.35,\"evacuation_level_m\":6,\"low_water_level_m\":1.4,\"points\":[{\"date\":\"2026-10-07\",\"upper\":1.4,\"lower\":1.18,\"central\":1.29},{\"date\":\"2026-10-08\",\"upper\":1.52,\"lower\":1.14,\"central\":1.33},{\"date\":\"2026-10-09\",\"upper\":1.64,\"lower\":1.11,\"central\":1.38},{\"date\":\"2026-10-10\",\"upper\":1.76,\"lower\":1.08,\"central\":1.42},{\"date\":\"2026-10-11\",\"upper\":1.88,\"lower\":1.04,\"central\":1.46},{\"date\":\"2026-10-12\",\"central\":1.48,\"lower\":0.97,\"upper\":1.98},{\"date\":\"2026-10-13\",\"upper\":2.07,\"central\":1.49,\"lower\":0.91},{\"date\":\"2026-10-14\",\"upper\":2.15,\"lower\":0.83,\"central\":1.49}],\"source\":\"INA modelo \\\"tabprono_central\\\" (Pronósticos hidrométricos)\"}",
        "alert_level_m": null,
        "critical_level_m": null,
        "disaster_level_m": null
      }
    },
    {
      "type": "Feature",
      "geometry": {
        "type": "Point",
        "coordinates": [
          -58.1833333333333,
          -26.1833333333333
        ]
      },
      "properties": {
        "agency": "INA",
        "site_code": 57,
        "name": "Puerto Formosa",
        "river": "Paraguay",
        "variables": "level,discharge",
        "variable_labels": "Water level, Discharge",
        "country": "Argentina",
        "network": "escalas Prefectura Nacional",
        "status": "ok",
        "level_m": 2.41,
        "discharge_m3s": 2166.42,
        "rain_mm": null,
        "temp_c": null,
        "wind_kmh": null,
        "humidity_pct": null,
        "last_reading_date": "2026-10-06T00:00:00",
        "days_since_reading": 1,
        "trend_variable": "level",
        "trend": "rising",
        "trend_change": 0.27,
        "trend_window_days": 21,
        "trend_history": "[{\"date\":\"2026-09-16\",\"value\":2.09},{\"date\":\"2026-09-17\",\"value\":2.09},{\"date\":\"2026-09-18\",\"value\":2.14},{\"date\":\"2026-09-19\",\"value\":2.2},{\"date\":\"2026-09-20\",\"value\":2.25},{\"date\":\"2026-09-21\",\"value\":2.33},{\"date\":\"2026-09-22\",\"value\":2.38},{\"date\":\"2026-09-23\",\"value\":2.4},{\"date\":\"2026-09-24\",\"value\":2.42},{\"date\":\"2026-09-25\",\"value\":2.42},{\"date\":\"2026-09-26\",\"value\":2.4},{\"date\":\"2026-09-27\",\"value\":2.37},{\"date\":\"2026-09-28\",\"value\":2.36},{\"date\":\"2026-09-29\",\"value\":2.36},{\"date\":\"2026-09-30\",\"value\":2.37},{\"date\":\"2026-10-01\",\"value\":2.37},{\"date\":\"2026-10-02\",\"value\":2.35},{\"date\":\"2026-10-03\",\"value\":2.31},{\"date\":\"2026-10-04\",\"value\":2.34},{\"date\":\"2026-10-05\",\"value\":2.38},{\"date\":\"2026-10-06\",\"value\":2.41}]",
        "has_forecast": true,
        "forecast": "{\"issued\":\"2026-10-06T12:00:00Z\",\"tendencia\":\"crece\",\"alert_level_m\":7.8,\"evacuation_level_m\":8.3,\"low_water_level_m\":1.6,\"points\":[{\"date\":\"2026-10-07\",\"lower\":2.39,\"central\":2.46,\"upper\":2.53},{\"date\":\"2026-10-08\",\"upper\":2.64,\"lower\":2.4,\"central\":2.52},{\"date\":\"2026-10-09\",\"central\":2.6,\"lower\":2.42,\"upper\":2.78},{\"date\":\"2026-10-10\",\"central\":2.69,\"lower\":2.44,\"upper\":2.93},{\"date\":\"2026-10-11\",\"central\":2.75,\"lower\":2.43,\"upper\":3.07},{\"date\":\"2026-10-12\",\"central\":2.83,\"lower\":2.44,\"upper\":3.23},{\"date\":\"2026-10-13\",\"upper\":3.38,\"lower\":2.42,\"central\":2.9},{\"date\":\"2026-10-14\",\"lower\":2.39,\"central\":2.95,\"upper\":3.52}],\"source\":\"INA modelo \\\"tabprono_central\\\" (Pronósticos hidrométricos)\"}",
        "alert_level_m": null,
        "critical_level_m": null,
        "disaster_level_m": null
      }
    },
    {
      "type": "Feature",
      "geometry": {
        "type": "Point",
        "coordinates": [
          -58.506205,
          -26.92629
        ]
      },
      "properties": {
        "agency": "INA",
        "site_code": 58,
        "name": "Bermejo",
        "river": "Paraguay",
        "variables": "level",
        "variable_labels": "Water level",
        "country": "Argentina",
        "network": "escalas Prefectura Nacional",
        "status": "ok",
        "level_m": 2.85,
        "discharge_m3s": null,
        "rain_mm": null,
        "temp_c": null,
        "wind_kmh": null,
        "humidity_pct": null,
        "last_reading_date": "2026-10-06T00:00:00",
        "days_since_reading": 1,
        "trend_variable": "level",
        "trend": "steady",
        "trend_change": -0.04,
        "trend_window_days": 21,
        "trend_history": "[{\"date\":\"2026-09-16\",\"value\":2.75},{\"date\":\"2026-09-17\",\"value\":2.9},{\"date\":\"2026-09-18\",\"value\":2.95},{\"date\":\"2026-09-19\",\"value\":3},{\"date\":\"2026-09-20\",\"value\":3.2},{\"date\":\"2026-09-21\",\"value\":3.25},{\"date\":\"2026-09-22\",\"value\":3.2},{\"date\":\"2026-09-23\",\"value\":3.2},{\"date\":\"2026-09-24\",\"value\":3.15},{\"date\":\"2026-09-25\",\"value\":3.05},{\"date\":\"2026-09-26\",\"value\":3},{\"date\":\"2026-09-27\",\"value\":2.93},{\"date\":\"2026-09-28\",\"value\":2.78},{\"date\":\"2026-09-29\",\"value\":2.8},{\"date\":\"2026-09-30\",\"value\":2.7},{\"date\":\"2026-10-01\",\"value\":2.77},{\"date\":\"2026-10-02\",\"value\":2.75},{\"date\":\"2026-10-03\",\"value\":2.75},{\"date\":\"2026-10-04\",\"value\":2.82},{\"date\":\"2026-10-05\",\"value\":2.8},{\"date\":\"2026-10-06\",\"value\":2.85}]",
        "has_forecast": false,
        "forecast": null,
        "alert_level_m": null,
        "critical_level_m": null,
        "disaster_level_m": null
      }
    },
    {
      "type": "Feature",
      "geometry": {
        "type": "Point",
        "coordinates": [
          -58.6166666666667,
          -27.3166666666667
        ]
      },
      "properties": {
        "agency": "INA",
        "site_code": 59,
        "name": "Isla del Cerrito",
        "river": "Paraguay",
        "variables": "level",
        "variable_labels": "Water level",
        "country": "Argentina",
        "network": "escalas Prefectura Nacional",
        "status": "ok",
        "level_m": 4.7,
        "discharge_m3s": null,
        "rain_mm": null,
        "temp_c": null,
        "wind_kmh": null,
        "humidity_pct": null,
        "last_reading_date": "2026-10-06T00:00:00",
        "days_since_reading": 1,
        "trend_variable": "level",
        "trend": "rising",
        "trend_change": 0.34,
        "trend_window_days": 21,
        "trend_history": "[{\"date\":\"2026-09-16\",\"value\":4.1},{\"date\":\"2026-09-17\",\"value\":4.27},{\"date\":\"2026-09-18\",\"value\":4.36},{\"date\":\"2026-09-19\",\"value\":4.45},{\"date\":\"2026-09-20\",\"value\":4.68},{\"date\":\"2026-09-21\",\"value\":4.47},{\"date\":\"2026-09-22\",\"value\":4.82},{\"date\":\"2026-09-23\",\"value\":4.9},{\"date\":\"2026-09-24\",\"value\":4.91},{\"date\":\"2026-09-25\",\"value\":4.87},{\"date\":\"2026-09-26\",\"value\":4.77},{\"date\":\"2026-09-27\",\"value\":4.67},{\"date\":\"2026-09-28\",\"value\":4.63},{\"date\":\"2026-09-29\",\"value\":4.63},{\"date\":\"2026-09-30\",\"value\":4.6},{\"date\":\"2026-10-01\",\"value\":4.52},{\"date\":\"2026-10-02\",\"value\":4.44},{\"date\":\"2026-10-03\",\"value\":4.35},{\"date\":\"2026-10-04\",\"value\":4.55},{\"date\":\"2026-10-05\",\"value\":4.49},{\"date\":\"2026-10-06\",\"value\":4.7}]",
        "has_forecast": false,
        "forecast": null,
        "alert_level_m": null,
        "critical_level_m": null,
        "disaster_level_m": null
      }
    },
    {
      "type": "Feature",
      "geometry": {
        "type": "Point",
        "coordinates": [
          -58.5833333333333,
          -27.3333333333333
        ]
      },
      "properties": {
        "agency": "INA",
        "site_code": 18,
        "name": "Paso de la Patria",
        "river": "Paraná (medio)",
        "variables": "level",
        "variable_labels": "Water level",
        "country": "Argentina",
        "network": "escalas Prefectura Nacional",
        "status": "ok",
        "level_m": 4.24,
        "discharge_m3s": null,
        "rain_mm": null,
        "temp_c": null,
        "wind_kmh": null,
        "humidity_pct": null,
        "last_reading_date": "2026-10-06T00:00:00",
        "days_since_reading": 1,
        "trend_variable": "level",
        "trend": "rising",
        "trend_change": 0.19,
        "trend_window_days": 21,
        "trend_history": "[{\"date\":\"2026-09-16\",\"value\":3.92},{\"date\":\"2026-09-17\",\"value\":4.08},{\"date\":\"2026-09-18\",\"value\":4.1},{\"date\":\"2026-09-19\",\"value\":4.2},{\"date\":\"2026-09-20\",\"value\":4.48},{\"date\":\"2026-09-21\",\"value\":4.55},{\"date\":\"2026-09-22\",\"value\":4.56},{\"date\":\"2026-09-23\",\"value\":4.69},{\"date\":\"2026-09-24\",\"value\":4.7},{\"date\":\"2026-09-25\",\"value\":4.65},{\"date\":\"2026-09-26\",\"value\":4.58},{\"date\":\"2026-09-27\",\"value\":4.4},{\"date\":\"2026-09-28\",\"value\":4.4},{\"date\":\"2026-09-29\",\"value\":4.4},{\"date\":\"2026-09-30\",\"value\":4.4},{\"date\":\"2026-10-01\",\"value\":4.3},{\"date\":\"2026-10-02\",\"value\":4.18},{\"date\":\"2026-10-03\",\"value\":4.14},{\"date\":\"2026-10-04\",\"value\":4.2},{\"date\":\"2026-10-05\",\"value\":4.22},{\"date\":\"2026-10-06\",\"value\":4.24}]",
        "has_forecast": false,
        "forecast": null,
        "alert_level_m": null,
        "critical_level_m": null,
        "disaster_level_m": null
      }
    },
    {
      "type": "Feature",
      "geometry": {
        "type": "Point",
        "coordinates": [
          -58.8388696,
          -27.46364349
        ]
      },
      "properties": {
        "agency": "INA",
        "site_code": 19,
        "name": "Corrientes",
        "river": "Paraná (medio)",
        "variables": "level,discharge,hydrological_state",
        "variable_labels": "Water level, Discharge, Hydrological state",
        "country": "Argentina",
        "network": "escalas Prefectura Nacional",
        "status": "ok",
        "level_m": 4.32,
        "discharge_m3s": 19676.5,
        "rain_mm": null,
        "temp_c": null,
        "wind_kmh": null,
        "humidity_pct": null,
        "last_reading_date": "2026-10-06T00:00:00",
        "days_since_reading": 1,
        "trend_variable": "level",
        "trend": "rising",
        "trend_change": 0.33,
        "trend_window_days": 21,
        "trend_history": "[{\"date\":\"2026-09-16\",\"value\":3.76},{\"date\":\"2026-09-17\",\"value\":3.9},{\"date\":\"2026-09-18\",\"value\":4},{\"date\":\"2026-09-19\",\"value\":4.08},{\"date\":\"2026-09-20\",\"value\":4.29},{\"date\":\"2026-09-21\",\"value\":4.35},{\"date\":\"2026-09-22\",\"value\":4.45},{\"date\":\"2026-09-23\",\"value\":4.48},{\"date\":\"2026-09-24\",\"value\":4.52},{\"date\":\"2026-09-25\",\"value\":4.5},{\"date\":\"2026-09-26\",\"value\":4.42},{\"date\":\"2026-09-27\",\"value\":4.28},{\"date\":\"2026-09-28\",\"value\":4.29},{\"date\":\"2026-09-29\",\"value\":4.29},{\"date\":\"2026-09-30\",\"value\":4.26},{\"date\":\"2026-10-01\",\"value\":4.2},{\"date\":\"2026-10-02\",\"value\":4.1},{\"date\":\"2026-10-03\",\"value\":4.02},{\"date\":\"2026-10-04\",\"value\":4.14},{\"date\":\"2026-10-05\",\"value\":4.19},{\"date\":\"2026-10-06\",\"value\":4.32}]",
        "has_forecast": true,
        "forecast": "{\"issued\":\"2026-10-06T03:00:00Z\",\"tendencia\":\"crece\",\"alert_level_m\":6.5,\"evacuation_level_m\":7,\"low_water_level_m\":1.83,\"points\":[{\"date\":\"2026-10-06\",\"lower\":4.32,\"upper\":4.32,\"central\":4.32},{\"date\":\"2026-10-13\",\"upper\":5.7,\"central\":5.36,\"lower\":4.9},{\"date\":\"2026-10-20\",\"upper\":6,\"central\":5.55,\"lower\":5.2}],\"source\":\"INA modelo \\\"tabprono_central\\\" (Pronósticos hidrométricos)\"}",
        "alert_level_m": null,
        "critical_level_m": null,
        "disaster_level_m": null
      }
    },
    {
      "type": "Feature",
      "geometry": {
        "type": "Point",
        "coordinates": [
          -58.9333333333333,
          -27.4833333333333
        ]
      },
      "properties": {
        "agency": "INA",
        "site_code": 20,
        "name": "Barranqueras",
        "river": "Riacho Barranqueras",
        "variables": "level,discharge,hydrological_state",
        "variable_labels": "Water level, Discharge, Hydrological state",
        "country": "Argentina",
        "network": "escalas Prefectura Nacional",
        "status": "ok",
        "level_m": 4.27,
        "discharge_m3s": null,
        "rain_mm": null,
        "temp_c": null,
        "wind_kmh": null,
        "humidity_pct": null,
        "last_reading_date": "2026-10-06T00:00:00",
        "days_since_reading": 1,
        "trend_variable": "level",
        "trend": "rising",
        "trend_change": 0.32,
        "trend_window_days": 21,
        "trend_history": "[{\"date\":\"2026-09-16\",\"value\":3.71},{\"date\":\"2026-09-17\",\"value\":3.89},{\"date\":\"2026-09-18\",\"value\":3.97},{\"date\":\"2026-09-19\",\"value\":4.09},{\"date\":\"2026-09-20\",\"value\":4.29},{\"date\":\"2026-09-21\",\"value\":4.35},{\"date\":\"2026-09-22\",\"value\":4.44},{\"date\":\"2026-09-23\",\"value\":4.48},{\"date\":\"2026-09-24\",\"value\":4.53},{\"date\":\"2026-09-25\",\"value\":4.45},{\"date\":\"2026-09-26\",\"value\":4.39},{\"date\":\"2026-09-27\",\"value\":4.34},{\"date\":\"2026-09-28\",\"value\":4.24},{\"date\":\"2026-09-29\",\"value\":4.26},{\"date\":\"2026-09-30\",\"value\":4.23},{\"date\":\"2026-10-01\",\"value\":4.17},{\"date\":\"2026-10-02\",\"value\":4.07},{\"date\":\"2026-10-03\",\"value\":3.99},{\"date\":\"2026-10-04\",\"value\":4.11},{\"date\":\"2026-10-05\",\"value\":4.16},{\"date\":\"2026-10-06\",\"value\":4.27}]",
        "has_forecast": true,
        "forecast": "{\"issued\":\"2026-10-06T03:00:00Z\",\"tendencia\":\"crece\",\"alert_level_m\":6,\"evacuation_level_m\":6.5,\"low_water_level_m\":1.93,\"points\":[{\"date\":\"2026-10-06\",\"lower\":4.27,\"central\":4.27,\"upper\":4.27},{\"date\":\"2026-10-13\",\"upper\":5.7,\"lower\":4.9,\"central\":5.34},{\"date\":\"2026-10-20\",\"central\":5.55,\"lower\":5.2,\"upper\":6}],\"source\":\"INA modelo \\\"tabprono_central\\\" (Pronósticos hidrométricos)\"}",
        "alert_level_m": null,
        "critical_level_m": null,
        "disaster_level_m": null
      }
    },
    {
      "type": "Feature",
      "geometry": {
        "type": "Point",
        "coordinates": [
          -58.5697222222222,
          -27.5105555555556
        ]
      },
      "properties": {
        "agency": "INA",
        "site_code": 2854,
        "name": "Aº Riachuelo - RP Nº5",
        "river": "Arroyo Riachuelo",
        "variables": "level",
        "variable_labels": "Water level",
        "country": "Argentina",
        "network": "RHN - SAT",
        "status": "ok",
        "level_m": 1.12,
        "discharge_m3s": null,
        "rain_mm": null,
        "temp_c": null,
        "wind_kmh": null,
        "humidity_pct": null,
        "last_reading_date": "2026-10-06T20:00:00",
        "days_since_reading": 0,
        "trend_variable": "level",
        "trend": "rising",
        "trend_change": 0.43,
        "trend_window_days": 21,
        "trend_history": "[{\"date\":\"2026-09-16\",\"value\":0.83},{\"date\":\"2026-09-17\",\"value\":0.81},{\"date\":\"2026-09-18\",\"value\":0.8},{\"date\":\"2026-09-19\",\"value\":0.89},{\"date\":\"2026-09-20\",\"value\":1.06},{\"date\":\"2026-09-21\",\"value\":0.99},{\"date\":\"2026-09-22\",\"value\":0.9},{\"date\":\"2026-09-23\",\"value\":0.86},{\"date\":\"2026-09-24\",\"value\":0.85},{\"date\":\"2026-09-25\",\"value\":0.83},{\"date\":\"2026-09-26\",\"value\":0.8},{\"date\":\"2026-09-27\",\"value\":0.77},{\"date\":\"2026-09-28\",\"value\":0.73},{\"date\":\"2026-09-29\",\"value\":0.73},{\"date\":\"2026-09-30\",\"value\":0.72},{\"date\":\"2026-10-01\",\"value\":0.71},{\"date\":\"2026-10-02\",\"value\":0.69},{\"date\":\"2026-10-03\",\"value\":0.89},{\"date\":\"2026-10-04\",\"value\":1.26},{\"date\":\"2026-10-05\",\"value\":1.35},{\"date\":\"2026-10-06\",\"value\":1.12}]",
        "has_forecast": false,
        "forecast": null,
        "alert_level_m": null,
        "critical_level_m": null,
        "disaster_level_m": null
      }
    },
    {
      "type": "Feature",
      "geometry": {
        "type": "Point",
        "coordinates": [
          -58.81852419,
          -27.95412346
        ]
      },
      "properties": {
        "agency": "INA",
        "site_code": 21,
        "name": "Empedrado",
        "river": "Paraná (inferior)",
        "variables": "level",
        "variable_labels": "Water level",
        "country": "Argentina",
        "network": "escalas Prefectura Nacional",
        "status": "ok",
        "level_m": 4.48,
        "discharge_m3s": null,
        "rain_mm": null,
        "temp_c": null,
        "wind_kmh": null,
        "humidity_pct": null,
        "last_reading_date": "2026-10-06T00:00:00",
        "days_since_reading": 1,
        "trend_variable": "level",
        "trend": "rising",
        "trend_change": 0.58,
        "trend_window_days": 21,
        "trend_history": "[{\"date\":\"2026-09-16\",\"value\":3.28},{\"date\":\"2026-09-17\",\"value\":3.59},{\"date\":\"2026-09-18\",\"value\":3.72},{\"date\":\"2026-09-19\",\"value\":3.8},{\"date\":\"2026-09-20\",\"value\":4},{\"date\":\"2026-09-21\",\"value\":4.03},{\"date\":\"2026-09-22\",\"value\":0},{\"date\":\"2026-09-23\",\"value\":0},{\"date\":\"2026-09-24\",\"value\":0},{\"date\":\"2026-09-25\",\"value\":0},{\"date\":\"2026-09-26\",\"value\":0},{\"date\":\"2026-09-27\",\"value\":12.33},{\"date\":\"2026-09-28\",\"value\":12.44},{\"date\":\"2026-09-29\",\"value\":0.58},{\"date\":\"2026-09-30\",\"value\":5.74},{\"date\":\"2026-10-01\",\"value\":0.14},{\"date\":\"2026-10-02\",\"value\":12.89},{\"date\":\"2026-10-03\",\"value\":3.8},{\"date\":\"2026-10-04\",\"value\":3.85},{\"date\":\"2026-10-05\",\"value\":4},{\"date\":\"2026-10-06\",\"value\":4.48}]",
        "has_forecast": false,
        "forecast": null,
        "alert_level_m": null,
        "critical_level_m": null,
        "disaster_level_m": null
      }
    },
    {
      "type": "Feature",
      "geometry": {
        "type": "Point",
        "coordinates": [
          -59.05931723,
          -28.51840072
        ]
      },
      "properties": {
        "agency": "INA",
        "site_code": 22,
        "name": "Bella Vista",
        "river": "Paraná (inferior)",
        "variables": "level",
        "variable_labels": "Water level",
        "country": "Argentina",
        "network": "escalas Prefectura Nacional",
        "status": "ok",
        "level_m": 4.25,
        "discharge_m3s": null,
        "rain_mm": null,
        "temp_c": null,
        "wind_kmh": null,
        "humidity_pct": null,
        "last_reading_date": "2026-10-06T00:00:00",
        "days_since_reading": 1,
        "trend_variable": "level",
        "trend": "rising",
        "trend_change": 0.5,
        "trend_window_days": 21,
        "trend_history": "[{\"date\":\"2026-09-16\",\"value\":3.58},{\"date\":\"2026-09-17\",\"value\":3.75},{\"date\":\"2026-09-18\",\"value\":3.91},{\"date\":\"2026-09-19\",\"value\":4.05},{\"date\":\"2026-09-20\",\"value\":4.2},{\"date\":\"2026-09-21\",\"value\":4.27},{\"date\":\"2026-09-22\",\"value\":4.34},{\"date\":\"2026-09-23\",\"value\":4.45},{\"date\":\"2026-09-24\",\"value\":4.51},{\"date\":\"2026-09-25\",\"value\":4.56},{\"date\":\"2026-09-26\",\"value\":4.57},{\"date\":\"2026-09-27\",\"value\":4.54},{\"date\":\"2026-09-28\",\"value\":4.46},{\"date\":\"2026-09-29\",\"value\":4.44},{\"date\":\"2026-09-30\",\"value\":4.42},{\"date\":\"2026-10-01\",\"value\":4.39},{\"date\":\"2026-10-02\",\"value\":4.34},{\"date\":\"2026-10-03\",\"value\":4.26},{\"date\":\"2026-10-04\",\"value\":4.25},{\"date\":\"2026-10-05\",\"value\":4.25},{\"date\":\"2026-10-06\",\"value\":4.25}]",
        "has_forecast": false,
        "forecast": null,
        "alert_level_m": null,
        "critical_level_m": null,
        "disaster_level_m": null
      }
    },
    {
      "type": "Feature",
      "geometry": {
        "type": "Point",
        "coordinates": [
          -59.27303952,
          -29.14376844
        ]
      },
      "properties": {
        "agency": "INA",
        "site_code": 23,
        "name": "Goya",
        "river": "Paraná (inferior)",
        "variables": "level",
        "variable_labels": "Water level",
        "country": "Argentina",
        "network": "escalas Prefectura Nacional",
        "status": "ok",
        "level_m": 4.03,
        "discharge_m3s": null,
        "rain_mm": null,
        "temp_c": null,
        "wind_kmh": null,
        "humidity_pct": null,
        "last_reading_date": "2026-10-06T00:00:00",
        "days_since_reading": 1,
        "trend_variable": "level",
        "trend": "rising",
        "trend_change": 0.52,
        "trend_window_days": 21,
        "trend_history": "[{\"date\":\"2026-09-16\",\"value\":3.34},{\"date\":\"2026-09-17\",\"value\":3.53},{\"date\":\"2026-09-18\",\"value\":3.69},{\"date\":\"2026-09-19\",\"value\":3.81},{\"date\":\"2026-09-20\",\"value\":3.95},{\"date\":\"2026-09-21\",\"value\":3.95},{\"date\":\"2026-09-22\",\"value\":4.04},{\"date\":\"2026-09-23\",\"value\":4.14},{\"date\":\"2026-09-24\",\"value\":4.23},{\"date\":\"2026-09-25\",\"value\":4.28},{\"date\":\"2026-09-26\",\"value\":4.3},{\"date\":\"2026-09-27\",\"value\":4.29},{\"date\":\"2026-09-28\",\"value\":4.26},{\"date\":\"2026-09-29\",\"value\":4.2},{\"date\":\"2026-09-30\",\"value\":4.24},{\"date\":\"2026-10-01\",\"value\":4.18},{\"date\":\"2026-10-02\",\"value\":4.12},{\"date\":\"2026-10-03\",\"value\":4.1},{\"date\":\"2026-10-04\",\"value\":4.05},{\"date\":\"2026-10-05\",\"value\":4.04},{\"date\":\"2026-10-06\",\"value\":4.03}]",
        "has_forecast": false,
        "forecast": null,
        "alert_level_m": null,
        "critical_level_m": null,
        "disaster_level_m": null
      }
    },
    {
      "type": "Feature",
      "geometry": {
        "type": "Point",
        "coordinates": [
          -57.33326783,
          -27.42336098
        ]
      },
      "properties": {
        "agency": "INA",
        "site_code": 16,
        "name": "Itá Ibaté",
        "river": "Paraná (medio)",
        "variables": "level",
        "variable_labels": "Water level",
        "country": "Argentina",
        "network": "escalas Prefectura Nacional",
        "status": "ok",
        "level_m": 3.7,
        "discharge_m3s": null,
        "rain_mm": null,
        "temp_c": null,
        "wind_kmh": null,
        "humidity_pct": null,
        "last_reading_date": "2026-10-06T00:00:00",
        "days_since_reading": 1,
        "trend_variable": "level",
        "trend": "rising",
        "trend_change": 0.17,
        "trend_window_days": 21,
        "trend_history": "[{\"date\":\"2026-09-16\",\"value\":3.4},{\"date\":\"2026-09-17\",\"value\":3.6},{\"date\":\"2026-09-18\",\"value\":3.5},{\"date\":\"2026-09-19\",\"value\":3.66},{\"date\":\"2026-09-20\",\"value\":3.8},{\"date\":\"2026-09-21\",\"value\":3.8},{\"date\":\"2026-09-22\",\"value\":3.8},{\"date\":\"2026-09-23\",\"value\":3.8},{\"date\":\"2026-09-24\",\"value\":3.68},{\"date\":\"2026-09-25\",\"value\":3.52},{\"date\":\"2026-09-26\",\"value\":3.5},{\"date\":\"2026-09-27\",\"value\":3.6},{\"date\":\"2026-09-28\",\"value\":3.6},{\"date\":\"2026-09-29\",\"value\":3.5},{\"date\":\"2026-09-30\",\"value\":3.3},{\"date\":\"2026-10-01\",\"value\":3.14},{\"date\":\"2026-10-02\",\"value\":3.14},{\"date\":\"2026-10-03\",\"value\":3.32},{\"date\":\"2026-10-04\",\"value\":3.6},{\"date\":\"2026-10-05\",\"value\":3.7},{\"date\":\"2026-10-06\",\"value\":3.7}]",
        "has_forecast": false,
        "forecast": null,
        "alert_level_m": null,
        "critical_level_m": null,
        "disaster_level_m": null
      }
    },
    {
      "type": "Feature",
      "geometry": {
        "type": "Point",
        "coordinates": [
          -56.7,
          -27.5833333333333
        ]
      },
      "properties": {
        "agency": "INA",
        "site_code": 15,
        "name": "Ituzaingó",
        "river": "Paraná (medio)",
        "variables": "level",
        "variable_labels": "Water level",
        "country": "Argentina",
        "network": "escalas Prefectura Nacional",
        "status": "ok",
        "level_m": 2.15,
        "discharge_m3s": null,
        "rain_mm": null,
        "temp_c": null,
        "wind_kmh": null,
        "humidity_pct": null,
        "last_reading_date": "2026-10-06T00:00:00",
        "days_since_reading": 1,
        "trend_variable": "level",
        "trend": "rising",
        "trend_change": 0.23,
        "trend_window_days": 21,
        "trend_history": "[{\"date\":\"2026-09-16\",\"value\":1.9},{\"date\":\"2026-09-17\",\"value\":1.9},{\"date\":\"2026-09-18\",\"value\":1.95},{\"date\":\"2026-09-19\",\"value\":2},{\"date\":\"2026-09-20\",\"value\":2},{\"date\":\"2026-09-21\",\"value\":2.05},{\"date\":\"2026-09-22\",\"value\":2.05},{\"date\":\"2026-09-23\",\"value\":2.05},{\"date\":\"2026-09-24\",\"value\":2},{\"date\":\"2026-09-25\",\"value\":1.9},{\"date\":\"2026-09-26\",\"value\":1.9},{\"date\":\"2026-09-27\",\"value\":2.1},{\"date\":\"2026-09-28\",\"value\":2.1},{\"date\":\"2026-09-29\",\"value\":2},{\"date\":\"2026-09-30\",\"value\":2},{\"date\":\"2026-10-01\",\"value\":1.9},{\"date\":\"2026-10-02\",\"value\":1.85},{\"date\":\"2026-10-03\",\"value\":1.97},{\"date\":\"2026-10-04\",\"value\":2.15},{\"date\":\"2026-10-05\",\"value\":2.15},{\"date\":\"2026-10-06\",\"value\":2.15}]",
        "has_forecast": false,
        "forecast": null,
        "alert_level_m": null,
        "critical_level_m": null,
        "disaster_level_m": null
      }
    },
    {
      "type": "Feature",
      "geometry": {
        "type": "Point",
        "coordinates": [
          -55.588412,
          -27.33509
        ]
      },
      "properties": {
        "agency": "INA",
        "site_code": 13,
        "name": "Santa Ana",
        "river": "Paraná (medio)",
        "variables": "level",
        "variable_labels": "Water level",
        "country": "Argentina",
        "network": "escalas Prefectura Nacional",
        "status": "ok",
        "level_m": 8.13,
        "discharge_m3s": null,
        "rain_mm": null,
        "temp_c": null,
        "wind_kmh": null,
        "humidity_pct": null,
        "last_reading_date": "2026-10-06T00:00:00",
        "days_since_reading": 1,
        "trend_variable": "level",
        "trend": "steady",
        "trend_change": -0.11,
        "trend_window_days": 21,
        "trend_history": "[{\"date\":\"2026-09-16\",\"value\":8.25},{\"date\":\"2026-09-17\",\"value\":8.25},{\"date\":\"2026-09-18\",\"value\":8.25},{\"date\":\"2026-09-19\",\"value\":8.22},{\"date\":\"2026-09-20\",\"value\":8.43},{\"date\":\"2026-09-21\",\"value\":8.49},{\"date\":\"2026-09-22\",\"value\":8.29},{\"date\":\"2026-09-23\",\"value\":8.17},{\"date\":\"2026-09-24\",\"value\":8.18},{\"date\":\"2026-09-25\",\"value\":8.07},{\"date\":\"2026-09-26\",\"value\":8.12},{\"date\":\"2026-09-27\",\"value\":8.19},{\"date\":\"2026-09-28\",\"value\":7.98},{\"date\":\"2026-09-29\",\"value\":7.85},{\"date\":\"2026-09-30\",\"value\":7.85},{\"date\":\"2026-10-01\",\"value\":7.83},{\"date\":\"2026-10-02\",\"value\":7.91},{\"date\":\"2026-10-03\",\"value\":7.99},{\"date\":\"2026-10-04\",\"value\":8.14},{\"date\":\"2026-10-05\",\"value\":8.14},{\"date\":\"2026-10-06\",\"value\":8.13}]",
        "has_forecast": false,
        "forecast": null,
        "alert_level_m": null,
        "critical_level_m": null,
        "disaster_level_m": null
      }
    },
    {
      "type": "Feature",
      "geometry": {
        "type": "Point",
        "coordinates": [
          -55.8833333333333,
          -27.3666666666667
        ]
      },
      "properties": {
        "agency": "INA",
        "site_code": 14,
        "name": "Posadas",
        "river": "Paraná (medio)",
        "variables": "level,discharge,hydrological_state",
        "variable_labels": "Water level, Discharge, Hydrological state",
        "country": "Argentina",
        "network": "escalas Prefectura Nacional",
        "status": "ok",
        "level_m": 10.12,
        "discharge_m3s": null,
        "rain_mm": null,
        "temp_c": null,
        "wind_kmh": null,
        "humidity_pct": null,
        "last_reading_date": "2026-10-06T00:00:00",
        "days_since_reading": 1,
        "trend_variable": "level",
        "trend": "steady",
        "trend_change": -0.2,
        "trend_window_days": 21,
        "trend_history": "[{\"date\":\"2026-09-16\",\"value\":10.32},{\"date\":\"2026-09-17\",\"value\":10.34},{\"date\":\"2026-09-18\",\"value\":10.34},{\"date\":\"2026-09-19\",\"value\":10.26},{\"date\":\"2026-09-20\",\"value\":10.38},{\"date\":\"2026-09-21\",\"value\":10.43},{\"date\":\"2026-09-22\",\"value\":10.44},{\"date\":\"2026-09-23\",\"value\":10.34},{\"date\":\"2026-09-24\",\"value\":10.27},{\"date\":\"2026-09-25\",\"value\":10.27},{\"date\":\"2026-09-26\",\"value\":10.29},{\"date\":\"2026-09-27\",\"value\":10.26},{\"date\":\"2026-09-28\",\"value\":10.21},{\"date\":\"2026-09-29\",\"value\":10.14},{\"date\":\"2026-09-30\",\"value\":10.14},{\"date\":\"2026-10-01\",\"value\":10.12},{\"date\":\"2026-10-02\",\"value\":10.09},{\"date\":\"2026-10-03\",\"value\":10.1},{\"date\":\"2026-10-04\",\"value\":10.13},{\"date\":\"2026-10-05\",\"value\":10.14},{\"date\":\"2026-10-06\",\"value\":10.12}]",
        "has_forecast": false,
        "forecast": null,
        "alert_level_m": null,
        "critical_level_m": null,
        "disaster_level_m": null
      }
    },
    {
      "type": "Feature",
      "geometry": {
        "type": "Point",
        "coordinates": [
          -55.0333333333333,
          -26.8
        ]
      },
      "properties": {
        "agency": "INA",
        "site_code": 12,
        "name": "Libertador",
        "river": "Paraná (medio)",
        "variables": "level",
        "variable_labels": "Water level",
        "country": "Argentina",
        "network": "escalas Prefectura Nacional",
        "status": "ok",
        "level_m": 11.07,
        "discharge_m3s": null,
        "rain_mm": null,
        "temp_c": null,
        "wind_kmh": null,
        "humidity_pct": null,
        "last_reading_date": "2026-10-06T00:00:00",
        "days_since_reading": 1,
        "trend_variable": "level",
        "trend": "steady",
        "trend_change": 0.14,
        "trend_window_days": 21,
        "trend_history": "[{\"date\":\"2026-09-16\",\"value\":10.88},{\"date\":\"2026-09-17\",\"value\":10.84},{\"date\":\"2026-09-18\",\"value\":10.85},{\"date\":\"2026-09-19\",\"value\":10.82},{\"date\":\"2026-09-20\",\"value\":11.28},{\"date\":\"2026-09-21\",\"value\":10.98},{\"date\":\"2026-09-22\",\"value\":10.5},{\"date\":\"2026-09-23\",\"value\":10},{\"date\":\"2026-09-24\",\"value\":9.87},{\"date\":\"2026-09-25\",\"value\":10.03},{\"date\":\"2026-09-26\",\"value\":10.3},{\"date\":\"2026-09-27\",\"value\":10.22},{\"date\":\"2026-09-28\",\"value\":9.94},{\"date\":\"2026-09-29\",\"value\":9.64},{\"date\":\"2026-09-30\",\"value\":9.44},{\"date\":\"2026-10-01\",\"value\":9.54},{\"date\":\"2026-10-02\",\"value\":10.58},{\"date\":\"2026-10-03\",\"value\":10.65},{\"date\":\"2026-10-04\",\"value\":10.92},{\"date\":\"2026-10-05\",\"value\":11},{\"date\":\"2026-10-06\",\"value\":11.07}]",
        "has_forecast": false,
        "forecast": null,
        "alert_level_m": null,
        "critical_level_m": null,
        "disaster_level_m": null
      }
    },
    {
      "type": "Feature",
      "geometry": {
        "type": "Point",
        "coordinates": [
          -54.5883333333333,
          -26.4858333333333
        ]
      },
      "properties": {
        "agency": "INA",
        "site_code": 6435,
        "name": "Piray Guazú - R. Nac. 12 Vieja",
        "river": "Piray Guazú",
        "variables": "level",
        "variable_labels": "Water level",
        "country": "Argentina",
        "network": "RHN - SAT",
        "status": "ok",
        "level_m": 2.08,
        "discharge_m3s": null,
        "rain_mm": null,
        "temp_c": null,
        "wind_kmh": null,
        "humidity_pct": null,
        "last_reading_date": "2026-10-06T16:00:00",
        "days_since_reading": 0,
        "trend_variable": "level",
        "trend": "rising",
        "trend_change": 0.54,
        "trend_window_days": 21,
        "trend_history": "[{\"date\":\"2026-09-16\",\"value\":1.35},{\"date\":\"2026-09-17\",\"value\":1.22},{\"date\":\"2026-09-18\",\"value\":1.09},{\"date\":\"2026-09-19\",\"value\":1.1},{\"date\":\"2026-09-20\",\"value\":1.78},{\"date\":\"2026-09-21\",\"value\":1.6},{\"date\":\"2026-09-22\",\"value\":1.68},{\"date\":\"2026-09-23\",\"value\":1.52},{\"date\":\"2026-09-24\",\"value\":1.36},{\"date\":\"2026-09-25\",\"value\":1.15},{\"date\":\"2026-09-26\",\"value\":1},{\"date\":\"2026-09-27\",\"value\":0.86},{\"date\":\"2026-09-28\",\"value\":0.82},{\"date\":\"2026-09-29\",\"value\":0.82},{\"date\":\"2026-09-30\",\"value\":1},{\"date\":\"2026-10-01\",\"value\":1},{\"date\":\"2026-10-02\",\"value\":1.02},{\"date\":\"2026-10-03\",\"value\":0.88},{\"date\":\"2026-10-04\",\"value\":1.4},{\"date\":\"2026-10-05\",\"value\":1.81},{\"date\":\"2026-10-06\",\"value\":2.08}]",
        "has_forecast": false,
        "forecast": null,
        "alert_level_m": null,
        "critical_level_m": null,
        "disaster_level_m": null
      }
    },
    {
      "type": "Feature",
      "geometry": {
        "type": "Point",
        "coordinates": [
          -54.7,
          -26.3833333333333
        ]
      },
      "properties": {
        "agency": "INA",
        "site_code": 11,
        "name": "El Dorado",
        "river": "Paraná (medio)",
        "variables": "level",
        "variable_labels": "Water level",
        "country": "Argentina",
        "network": "escalas Prefectura Nacional",
        "status": "ok",
        "level_m": 14.35,
        "discharge_m3s": null,
        "rain_mm": null,
        "temp_c": null,
        "wind_kmh": null,
        "humidity_pct": null,
        "last_reading_date": "2026-10-06T00:00:00",
        "days_since_reading": 1,
        "trend_variable": "level",
        "trend": "rising",
        "trend_change": 0.42,
        "trend_window_days": 21,
        "trend_history": "[{\"date\":\"2026-09-16\",\"value\":13.8},{\"date\":\"2026-09-17\",\"value\":13.7},{\"date\":\"2026-09-18\",\"value\":13.7},{\"date\":\"2026-09-19\",\"value\":13.8},{\"date\":\"2026-09-20\",\"value\":13.7},{\"date\":\"2026-09-21\",\"value\":13.3},{\"date\":\"2026-09-22\",\"value\":12.75},{\"date\":\"2026-09-23\",\"value\":12.45},{\"date\":\"2026-09-24\",\"value\":12.25},{\"date\":\"2026-09-25\",\"value\":12.8},{\"date\":\"2026-09-26\",\"value\":13},{\"date\":\"2026-09-27\",\"value\":12.6},{\"date\":\"2026-09-28\",\"value\":12.2},{\"date\":\"2026-09-29\",\"value\":11.4},{\"date\":\"2026-09-30\",\"value\":11.6},{\"date\":\"2026-10-01\",\"value\":12.35},{\"date\":\"2026-10-02\",\"value\":13.6},{\"date\":\"2026-10-03\",\"value\":13.8},{\"date\":\"2026-10-04\",\"value\":14},{\"date\":\"2026-10-05\",\"value\":14.1},{\"date\":\"2026-10-06\",\"value\":14.35}]",
        "has_forecast": false,
        "forecast": null,
        "alert_level_m": null,
        "critical_level_m": null,
        "disaster_level_m": null
      }
    },
    {
      "type": "Feature",
      "geometry": {
        "type": "Point",
        "coordinates": [
          -54.4983333333333,
          -26.355
        ]
      },
      "properties": {
        "agency": "INA",
        "site_code": 6439,
        "name": "Piray Mini - Valle Hermoso",
        "river": "Piray Miní",
        "variables": "rain,level",
        "variable_labels": "Rain, Water level",
        "country": "Argentina",
        "network": "RHN - SAT",
        "status": "ok",
        "level_m": 2.66,
        "discharge_m3s": null,
        "rain_mm": 0,
        "temp_c": null,
        "wind_kmh": null,
        "humidity_pct": null,
        "last_reading_date": "2026-10-06T16:00:00",
        "days_since_reading": 0,
        "trend_variable": "level",
        "trend": "rising",
        "trend_change": 1.33,
        "trend_window_days": 21,
        "trend_history": "[{\"date\":\"2026-09-16\",\"value\":1.48},{\"date\":\"2026-09-17\",\"value\":1.3},{\"date\":\"2026-09-18\",\"value\":1.16},{\"date\":\"2026-09-19\",\"value\":1.33},{\"date\":\"2026-09-20\",\"value\":2.02},{\"date\":\"2026-09-21\",\"value\":2.18},{\"date\":\"2026-09-22\",\"value\":1.84},{\"date\":\"2026-09-23\",\"value\":1.57},{\"date\":\"2026-09-24\",\"value\":1.37},{\"date\":\"2026-09-25\",\"value\":1.22},{\"date\":\"2026-09-26\",\"value\":1.1},{\"date\":\"2026-09-27\",\"value\":1},{\"date\":\"2026-09-28\",\"value\":0.92},{\"date\":\"2026-09-29\",\"value\":0.88},{\"date\":\"2026-09-30\",\"value\":0.87},{\"date\":\"2026-10-01\",\"value\":2.89},{\"date\":\"2026-10-02\",\"value\":2.14},{\"date\":\"2026-10-03\",\"value\":1.64},{\"date\":\"2026-10-04\",\"value\":1.95},{\"date\":\"2026-10-05\",\"value\":3.31},{\"date\":\"2026-10-06\",\"value\":2.66}]",
        "has_forecast": false,
        "forecast": null,
        "alert_level_m": null,
        "critical_level_m": null,
        "disaster_level_m": null
      }
    },
    {
      "type": "Feature",
      "geometry": {
        "type": "Point",
        "coordinates": [
          -54.621134,
          -25.916679
        ]
      },
      "properties": {
        "agency": "INA",
        "site_code": 10,
        "name": "Libertad",
        "river": "Paraná (medio)",
        "variables": "level,discharge",
        "variable_labels": "Water level, Discharge",
        "country": "Argentina",
        "network": "escalas Prefectura Nacional",
        "status": "ok",
        "level_m": 19.1,
        "discharge_m3s": null,
        "rain_mm": null,
        "temp_c": null,
        "wind_kmh": null,
        "humidity_pct": null,
        "last_reading_date": "2026-10-06T00:00:00",
        "days_since_reading": 1,
        "trend_variable": "level",
        "trend": "steady",
        "trend_change": 0.5,
        "trend_window_days": 21,
        "trend_history": "[{\"date\":\"2026-09-16\",\"value\":18.3},{\"date\":\"2026-09-17\",\"value\":18.6},{\"date\":\"2026-09-18\",\"value\":18.3},{\"date\":\"2026-09-19\",\"value\":18.6},{\"date\":\"2026-09-20\",\"value\":17.5},{\"date\":\"2026-09-21\",\"value\":17.5},{\"date\":\"2026-09-22\",\"value\":17.7},{\"date\":\"2026-09-23\",\"value\":16.5},{\"date\":\"2026-09-24\",\"value\":16.5},{\"date\":\"2026-09-25\",\"value\":17.5},{\"date\":\"2026-09-26\",\"value\":17.4},{\"date\":\"2026-09-27\",\"value\":17.4},{\"date\":\"2026-09-28\",\"value\":16.2},{\"date\":\"2026-09-29\",\"value\":15.4},{\"date\":\"2026-09-30\",\"value\":15},{\"date\":\"2026-10-01\",\"value\":16.2},{\"date\":\"2026-10-02\",\"value\":18.4},{\"date\":\"2026-10-03\",\"value\":18.2},{\"date\":\"2026-10-04\",\"value\":18.7},{\"date\":\"2026-10-05\",\"value\":18.9},{\"date\":\"2026-10-06\",\"value\":19.1}]",
        "has_forecast": false,
        "forecast": null,
        "alert_level_m": null,
        "critical_level_m": null,
        "disaster_level_m": null
      }
    },
    {
      "type": "Feature",
      "geometry": {
        "type": "Point",
        "coordinates": [
          -54.5666666666667,
          -25.5833333333333
        ]
      },
      "properties": {
        "agency": "INA",
        "site_code": 9,
        "name": "Puerto Iguazú",
        "river": "Paraná (medio)",
        "variables": "level,discharge,hydrological_state",
        "variable_labels": "Water level, Discharge, Hydrological state",
        "country": "Argentina",
        "network": "escalas Prefectura Nacional",
        "status": "ok",
        "level_m": 19.09,
        "discharge_m3s": null,
        "rain_mm": null,
        "temp_c": null,
        "wind_kmh": null,
        "humidity_pct": null,
        "last_reading_date": "2026-10-06T00:00:00",
        "days_since_reading": 1,
        "trend_variable": "level",
        "trend": "steady",
        "trend_change": -0.3,
        "trend_window_days": 21,
        "trend_history": "[{\"date\":\"2026-09-16\",\"value\":19},{\"date\":\"2026-09-17\",\"value\":19.2},{\"date\":\"2026-09-18\",\"value\":19.2},{\"date\":\"2026-09-19\",\"value\":18.8},{\"date\":\"2026-09-20\",\"value\":18},{\"date\":\"2026-09-21\",\"value\":17.4},{\"date\":\"2026-09-22\",\"value\":17.2},{\"date\":\"2026-09-23\",\"value\":16.9},{\"date\":\"2026-09-24\",\"value\":17.3},{\"date\":\"2026-09-25\",\"value\":18.4},{\"date\":\"2026-09-26\",\"value\":18.1},{\"date\":\"2026-09-27\",\"value\":17.8},{\"date\":\"2026-09-28\",\"value\":16.6},{\"date\":\"2026-09-29\",\"value\":16.2},{\"date\":\"2026-09-30\",\"value\":15.5},{\"date\":\"2026-10-01\",\"value\":17.4},{\"date\":\"2026-10-02\",\"value\":19.2},{\"date\":\"2026-10-03\",\"value\":19.3},{\"date\":\"2026-10-04\",\"value\":18.9},{\"date\":\"2026-10-05\",\"value\":18.5},{\"date\":\"2026-10-06\",\"value\":19.09}]",
        "has_forecast": false,
        "forecast": null,
        "alert_level_m": null,
        "critical_level_m": null,
        "disaster_level_m": null
      }
    },
    {
      "type": "Feature",
      "geometry": {
        "type": "Point",
        "coordinates": [
          -53.9833333333333,
          -25.5833333333333
        ]
      },
      "properties": {
        "agency": "INA",
        "site_code": 8,
        "name": "Andresito",
        "river": "Iguazú",
        "variables": "level,discharge,hydrological_state",
        "variable_labels": "Water level, Discharge, Hydrological state",
        "country": "Argentina",
        "network": "escalas Prefectura Nacional",
        "status": "ok",
        "level_m": 3.9,
        "discharge_m3s": 6329.7,
        "rain_mm": null,
        "temp_c": null,
        "wind_kmh": null,
        "humidity_pct": null,
        "last_reading_date": "2026-10-06T00:00:00",
        "days_since_reading": 1,
        "trend_variable": "level",
        "trend": "falling",
        "trend_change": -0.27,
        "trend_window_days": 21,
        "trend_history": "[{\"date\":\"2026-09-16\",\"value\":3.57},{\"date\":\"2026-09-17\",\"value\":3.94},{\"date\":\"2026-09-18\",\"value\":3.25},{\"date\":\"2026-09-19\",\"value\":3.26},{\"date\":\"2026-09-20\",\"value\":2.7},{\"date\":\"2026-09-21\",\"value\":2.65},{\"date\":\"2026-09-22\",\"value\":3.19},{\"date\":\"2026-09-23\",\"value\":3.36},{\"date\":\"2026-09-24\",\"value\":3.53},{\"date\":\"2026-09-25\",\"value\":3.34},{\"date\":\"2026-09-26\",\"value\":2.92},{\"date\":\"2026-09-27\",\"value\":2.1},{\"date\":\"2026-09-28\",\"value\":2.08},{\"date\":\"2026-09-29\",\"value\":2.1},{\"date\":\"2026-09-30\",\"value\":2.22},{\"date\":\"2026-10-01\",\"value\":3.14},{\"date\":\"2026-10-02\",\"value\":4.35},{\"date\":\"2026-10-03\",\"value\":3.35},{\"date\":\"2026-10-04\",\"value\":3.4},{\"date\":\"2026-10-05\",\"value\":2.65},{\"date\":\"2026-10-06\",\"value\":3.9}]",
        "has_forecast": false,
        "forecast": null,
        "alert_level_m": null,
        "critical_level_m": null,
        "disaster_level_m": null
      }
    },
    {
      "type": "Feature",
      "geometry": {
        "type": "Point",
        "coordinates": [
          -58.3,
          -20.227
        ]
      },
      "properties": {
        "agency": "MADES",
        "site_code": 6,
        "name": "Bahia Negra",
        "river": "Paraguay",
        "variables": "level",
        "variable_labels": "Water level",
        "country": "Paraguay",
        "network": "MADES SIAGUAPY — Armada Nacional/ANNP/DMH-DINAC (manual)",
        "status": "ok",
        "level_m": 2.81,
        "discharge_m3s": null,
        "rain_mm": null,
        "temp_c": null,
        "wind_kmh": null,
        "humidity_pct": null,
        "last_reading_date": "2026-10-06",
        "days_since_reading": 1,
        "trend_variable": "level",
        "trend": "falling",
        "trend_change": -0.33,
        "trend_window_days": 21,
        "trend_history": "[{\"date\":\"2026-09-16\",\"value\":3.16},{\"date\":\"2026-09-17\",\"value\":3.13},{\"date\":\"2026-09-18\",\"value\":3.1},{\"date\":\"2026-09-19\",\"value\":3.06},{\"date\":\"2026-09-20\",\"value\":3.04},{\"date\":\"2026-09-21\",\"value\":3.04},{\"date\":\"2026-09-22\",\"value\":2.97},{\"date\":\"2026-09-23\",\"value\":2.94},{\"date\":\"2026-09-24\",\"value\":2.92},{\"date\":\"2026-09-25\",\"value\":2.89},{\"date\":\"2026-09-26\",\"value\":2.87},{\"date\":\"2026-09-27\",\"value\":2.85},{\"date\":\"2026-09-28\",\"value\":2.84},{\"date\":\"2026-09-29\",\"value\":2.8},{\"date\":\"2026-09-30\",\"value\":2.81},{\"date\":\"2026-10-01\",\"value\":2.81},{\"date\":\"2026-10-02\",\"value\":2.82},{\"date\":\"2026-10-03\",\"value\":2.8},{\"date\":\"2026-10-04\",\"value\":2.8},{\"date\":\"2026-10-05\",\"value\":2.79},{\"date\":\"2026-10-06\",\"value\":2.81}]",
        "has_forecast": false,
        "forecast": null,
        "alert_level_m": 5,
        "critical_level_m": 5.5,
        "disaster_level_m": 6.5
      }
    },
    {
      "type": "Feature",
      "geometry": {
        "type": "Point",
        "coordinates": [
          -54.612,
          -25.519
        ]
      },
      "properties": {
        "agency": "MADES",
        "site_code": 19,
        "name": "Ciudad del Este",
        "river": "Paraná (medio)",
        "variables": "level",
        "variable_labels": "Water level",
        "country": "Paraguay",
        "network": "MADES SIAGUAPY — Armada Nacional/ANNP/DMH-DINAC (manual)",
        "status": "ok",
        "level_m": 19.76,
        "discharge_m3s": null,
        "rain_mm": null,
        "temp_c": null,
        "wind_kmh": null,
        "humidity_pct": null,
        "last_reading_date": "2026-10-05",
        "days_since_reading": 2,
        "trend_variable": "level",
        "trend": "steady",
        "trend_change": 0.13,
        "trend_window_days": 21,
        "trend_history": "[{\"date\":\"2026-09-15\",\"value\":19.29},{\"date\":\"2026-09-16\",\"value\":19.09},{\"date\":\"2026-09-17\",\"value\":19.45},{\"date\":\"2026-09-18\",\"value\":18.93},{\"date\":\"2026-09-19\",\"value\":18.79},{\"date\":\"2026-09-20\",\"value\":18.42},{\"date\":\"2026-09-21\",\"value\":17.62},{\"date\":\"2026-09-22\",\"value\":17.06},{\"date\":\"2026-09-23\",\"value\":17.62},{\"date\":\"2026-09-24\",\"value\":18.29},{\"date\":\"2026-09-25\",\"value\":18.29},{\"date\":\"2026-09-26\",\"value\":17.81},{\"date\":\"2026-09-27\",\"value\":17.18},{\"date\":\"2026-09-28\",\"value\":16.66},{\"date\":\"2026-09-29\",\"value\":16.62},{\"date\":\"2026-09-30\",\"value\":17.31},{\"date\":\"2026-10-01\",\"value\":18.87},{\"date\":\"2026-10-02\",\"value\":19.31},{\"date\":\"2026-10-03\",\"value\":19.04},{\"date\":\"2026-10-04\",\"value\":19.43},{\"date\":\"2026-10-05\",\"value\":19.76}]",
        "has_forecast": false,
        "forecast": null,
        "alert_level_m": null,
        "critical_level_m": null,
        "disaster_level_m": null
      }
    },
    {
      "type": "Feature",
      "geometry": {
        "type": "Point",
        "coordinates": [
          -57.43,
          -23.44
        ]
      },
      "properties": {
        "agency": "MADES",
        "site_code": 8,
        "name": "Concepción",
        "river": "Paraguay",
        "variables": "level",
        "variable_labels": "Water level",
        "country": "Paraguay",
        "network": "MADES SIAGUAPY — Armada Nacional/ANNP/DMH-DINAC (manual)",
        "status": "ok",
        "level_m": 1.82,
        "discharge_m3s": null,
        "rain_mm": null,
        "temp_c": null,
        "wind_kmh": null,
        "humidity_pct": null,
        "last_reading_date": "2026-10-06",
        "days_since_reading": 1,
        "trend_variable": "level",
        "trend": "rising",
        "trend_change": 0.1,
        "trend_window_days": 21,
        "trend_history": "[{\"date\":\"2026-09-16\",\"value\":1.7},{\"date\":\"2026-09-17\",\"value\":1.68},{\"date\":\"2026-09-18\",\"value\":1.67},{\"date\":\"2026-09-19\",\"value\":1.66},{\"date\":\"2026-09-20\",\"value\":1.67},{\"date\":\"2026-09-21\",\"value\":1.65},{\"date\":\"2026-09-22\",\"value\":1.65},{\"date\":\"2026-09-23\",\"value\":1.66},{\"date\":\"2026-09-24\",\"value\":1.64},{\"date\":\"2026-09-25\",\"value\":1.63},{\"date\":\"2026-09-26\",\"value\":1.66},{\"date\":\"2026-09-27\",\"value\":1.68},{\"date\":\"2026-09-28\",\"value\":1.66},{\"date\":\"2026-09-29\",\"value\":1.64},{\"date\":\"2026-09-30\",\"value\":1.62},{\"date\":\"2026-10-01\",\"value\":1.6},{\"date\":\"2026-10-02\",\"value\":1.63},{\"date\":\"2026-10-03\",\"value\":1.66},{\"date\":\"2026-10-04\",\"value\":1.74},{\"date\":\"2026-10-05\",\"value\":1.8},{\"date\":\"2026-10-06\",\"value\":1.82}]",
        "has_forecast": false,
        "forecast": null,
        "alert_level_m": 6,
        "critical_level_m": 7,
        "disaster_level_m": 8
      }
    },
    {
      "type": "Feature",
      "geometry": {
        "type": "Point",
        "coordinates": [
          -55.886,
          -27.305
        ]
      },
      "properties": {
        "agency": "MADES",
        "site_code": 28,
        "name": "Encarnación",
        "river": "Paraná (medio)",
        "variables": "level",
        "variable_labels": "Water level",
        "country": "Paraguay",
        "network": "MADES SIAGUAPY — Armada Nacional/ANNP/DMH-DINAC (manual)",
        "status": "ok",
        "level_m": 10.12,
        "discharge_m3s": null,
        "rain_mm": null,
        "temp_c": null,
        "wind_kmh": null,
        "humidity_pct": null,
        "last_reading_date": "2026-10-06",
        "days_since_reading": 1,
        "trend_variable": "level",
        "trend": "steady",
        "trend_change": -0.23,
        "trend_window_days": 21,
        "trend_history": "[{\"date\":\"2026-09-16\",\"value\":10.32},{\"date\":\"2026-09-17\",\"value\":10.34},{\"date\":\"2026-09-18\",\"value\":10.34},{\"date\":\"2026-09-19\",\"value\":10.26},{\"date\":\"2026-09-20\",\"value\":10.34},{\"date\":\"2026-09-21\",\"value\":10.43},{\"date\":\"2026-09-22\",\"value\":10.44},{\"date\":\"2026-09-23\",\"value\":10.34},{\"date\":\"2026-09-24\",\"value\":10.27},{\"date\":\"2026-09-25\",\"value\":10.27},{\"date\":\"2026-09-26\",\"value\":10.29},{\"date\":\"2026-09-27\",\"value\":10.27},{\"date\":\"2026-09-28\",\"value\":10.21},{\"date\":\"2026-09-29\",\"value\":10.14},{\"date\":\"2026-09-30\",\"value\":10.14},{\"date\":\"2026-10-01\",\"value\":10.12},{\"date\":\"2026-10-02\",\"value\":10.09},{\"date\":\"2026-10-03\",\"value\":10.01},{\"date\":\"2026-10-04\",\"value\":10.06},{\"date\":\"2026-10-05\",\"value\":10.14},{\"date\":\"2026-10-06\",\"value\":10.12}]",
        "has_forecast": false,
        "forecast": null,
        "alert_level_m": null,
        "critical_level_m": null,
        "disaster_level_m": null
      }
    },
    {
      "type": "Feature",
      "geometry": {
        "type": "Point",
        "coordinates": [
          -57.87083333,
          -21.0375
        ]
      },
      "properties": {
        "agency": "MADES",
        "site_code": 5,
        "name": "Fuerte Olimpo",
        "river": "Paraguay",
        "variables": "level",
        "variable_labels": "Water level",
        "country": "Paraguay",
        "network": "MADES SIAGUAPY — Armada Nacional/ANNP/DMH-DINAC (manual)",
        "status": "ok",
        "level_m": 2.99,
        "discharge_m3s": null,
        "rain_mm": null,
        "temp_c": null,
        "wind_kmh": null,
        "humidity_pct": null,
        "last_reading_date": "2026-10-06",
        "days_since_reading": 1,
        "trend_variable": "level",
        "trend": "falling",
        "trend_change": -0.39,
        "trend_window_days": 21,
        "trend_history": "[{\"date\":\"2026-09-16\",\"value\":3.38},{\"date\":\"2026-09-17\",\"value\":3.33},{\"date\":\"2026-09-18\",\"value\":3.32},{\"date\":\"2026-09-19\",\"value\":3.29},{\"date\":\"2026-09-20\",\"value\":3.27},{\"date\":\"2026-09-21\",\"value\":3.24},{\"date\":\"2026-09-22\",\"value\":3.21},{\"date\":\"2026-09-23\",\"value\":3.2},{\"date\":\"2026-09-24\",\"value\":3.17},{\"date\":\"2026-09-25\",\"value\":3.14},{\"date\":\"2026-09-26\",\"value\":3.12},{\"date\":\"2026-09-27\",\"value\":3.09},{\"date\":\"2026-09-28\",\"value\":3.07},{\"date\":\"2026-09-29\",\"value\":3.03},{\"date\":\"2026-09-30\",\"value\":3},{\"date\":\"2026-10-01\",\"value\":3},{\"date\":\"2026-10-02\",\"value\":3},{\"date\":\"2026-10-03\",\"value\":2.99},{\"date\":\"2026-10-04\",\"value\":2.94},{\"date\":\"2026-10-05\",\"value\":2.94},{\"date\":\"2026-10-06\",\"value\":2.99}]",
        "has_forecast": false,
        "forecast": null,
        "alert_level_m": null,
        "critical_level_m": null,
        "disaster_level_m": null
      }
    },
    {
      "type": "Feature",
      "geometry": {
        "type": "Point",
        "coordinates": [
          -57.9727067,
          -21.6246151
        ]
      },
      "properties": {
        "agency": "MADES",
        "site_code": 4,
        "name": "Isla Margarita",
        "river": "Paraguay",
        "variables": "level",
        "variable_labels": "Water level",
        "country": "Paraguay",
        "network": "MADES SIAGUAPY — Armada Nacional/ANNP/DMH-DINAC (manual)",
        "status": "ok",
        "level_m": 2.32,
        "discharge_m3s": null,
        "rain_mm": null,
        "temp_c": null,
        "wind_kmh": null,
        "humidity_pct": null,
        "last_reading_date": "2026-10-06",
        "days_since_reading": 1,
        "trend_variable": "level",
        "trend": "falling",
        "trend_change": -0.25,
        "trend_window_days": 21,
        "trend_history": "[{\"date\":\"2026-09-16\",\"value\":2.6},{\"date\":\"2026-09-17\",\"value\":2.56},{\"date\":\"2026-09-18\",\"value\":2.54},{\"date\":\"2026-09-19\",\"value\":2.52},{\"date\":\"2026-09-20\",\"value\":2.5},{\"date\":\"2026-09-21\",\"value\":2.48},{\"date\":\"2026-09-22\",\"value\":2.46},{\"date\":\"2026-09-23\",\"value\":2.43},{\"date\":\"2026-09-24\",\"value\":2.41},{\"date\":\"2026-09-25\",\"value\":2.39},{\"date\":\"2026-09-26\",\"value\":2.38},{\"date\":\"2026-09-27\",\"value\":2.37},{\"date\":\"2026-09-28\",\"value\":2.36},{\"date\":\"2026-09-29\",\"value\":2.34},{\"date\":\"2026-09-30\",\"value\":2.33},{\"date\":\"2026-10-01\",\"value\":2.38},{\"date\":\"2026-10-02\",\"value\":2.35},{\"date\":\"2026-10-03\",\"value\":2.34},{\"date\":\"2026-10-04\",\"value\":2.33},{\"date\":\"2026-10-05\",\"value\":2.31},{\"date\":\"2026-10-06\",\"value\":2.32}]",
        "has_forecast": false,
        "forecast": null,
        "alert_level_m": null,
        "critical_level_m": null,
        "disaster_level_m": null
      }
    },
    {
      "type": "Feature",
      "geometry": {
        "type": "Point",
        "coordinates": [
          -58.567863,
          -27.287888
        ]
      },
      "properties": {
        "agency": "MADES",
        "site_code": 21,
        "name": "Ita Piru",
        "river": "Paraná (medio)",
        "variables": "level",
        "variable_labels": "Water level",
        "country": "Paraguay",
        "network": "MADES SIAGUAPY — Armada Nacional/ANNP/DMH-DINAC (manual)",
        "status": "ok",
        "level_m": 5.7,
        "discharge_m3s": null,
        "rain_mm": null,
        "temp_c": null,
        "wind_kmh": null,
        "humidity_pct": null,
        "last_reading_date": "2026-10-06",
        "days_since_reading": 1,
        "trend_variable": "level",
        "trend": "rising",
        "trend_change": 0.31,
        "trend_window_days": 21,
        "trend_history": "[{\"date\":\"2026-09-16\",\"value\":5.12},{\"date\":\"2026-09-17\",\"value\":5.28},{\"date\":\"2026-09-18\",\"value\":5.35},{\"date\":\"2026-09-19\",\"value\":5.48},{\"date\":\"2026-09-20\",\"value\":5.5},{\"date\":\"2026-09-21\",\"value\":5.72},{\"date\":\"2026-09-22\",\"value\":5.8},{\"date\":\"2026-09-23\",\"value\":5.88},{\"date\":\"2026-09-24\",\"value\":5.9},{\"date\":\"2026-09-25\",\"value\":5.85},{\"date\":\"2026-09-26\",\"value\":5.78},{\"date\":\"2026-09-27\",\"value\":5.68},{\"date\":\"2026-09-28\",\"value\":5.62},{\"date\":\"2026-09-29\",\"value\":5.62},{\"date\":\"2026-09-30\",\"value\":5.62},{\"date\":\"2026-10-01\",\"value\":5.55},{\"date\":\"2026-10-02\",\"value\":5.4},{\"date\":\"2026-10-03\",\"value\":5.35},{\"date\":\"2026-10-04\",\"value\":5.42},{\"date\":\"2026-10-05\",\"value\":5.57},{\"date\":\"2026-10-06\",\"value\":5.7}]",
        "has_forecast": false,
        "forecast": null,
        "alert_level_m": null,
        "critical_level_m": null,
        "disaster_level_m": null
      }
    },
    {
      "type": "Feature",
      "geometry": {
        "type": "Point",
        "coordinates": [
          -62.518639,
          -22.3782
        ]
      },
      "properties": {
        "agency": "MADES",
        "site_code": 44,
        "name": "Misión La Paz DE CTN",
        "river": "Pilcomayo",
        "variables": "level",
        "variable_labels": "Water level",
        "country": "Argentina",
        "network": "MADES SIAGUAPY — Comisión Trinacional del Pilcomayo (automatic)",
        "status": "ok",
        "level_m": 3.08,
        "discharge_m3s": null,
        "rain_mm": null,
        "temp_c": null,
        "wind_kmh": null,
        "humidity_pct": null,
        "last_reading_date": "2026-10-06",
        "days_since_reading": 1,
        "trend_variable": "level",
        "trend": "rising",
        "trend_change": 0.11,
        "trend_window_days": 21,
        "trend_history": "[{\"date\":\"2026-09-16\",\"value\":3.04},{\"date\":\"2026-09-17\",\"value\":3.04},{\"date\":\"2026-09-18\",\"value\":3.03},{\"date\":\"2026-09-19\",\"value\":3.08},{\"date\":\"2026-09-20\",\"value\":3.09},{\"date\":\"2026-09-21\",\"value\":3.05},{\"date\":\"2026-09-22\",\"value\":3.03},{\"date\":\"2026-09-23\",\"value\":3.27},{\"date\":\"2026-09-24\",\"value\":3.2},{\"date\":\"2026-09-25\",\"value\":3.11},{\"date\":\"2026-09-26\",\"value\":3.05},{\"date\":\"2026-09-27\",\"value\":3.02},{\"date\":\"2026-09-28\",\"value\":3.01},{\"date\":\"2026-09-29\",\"value\":3},{\"date\":\"2026-09-30\",\"value\":3},{\"date\":\"2026-10-01\",\"value\":3.04},{\"date\":\"2026-10-02\",\"value\":3.05},{\"date\":\"2026-10-03\",\"value\":3.03},{\"date\":\"2026-10-04\",\"value\":3.24},{\"date\":\"2026-10-05\",\"value\":3.12},{\"date\":\"2026-10-06\",\"value\":3.08}]",
        "has_forecast": false,
        "forecast": null,
        "alert_level_m": 5,
        "critical_level_m": null,
        "disaster_level_m": 5.5
      }
    },
    {
      "type": "Feature",
      "geometry": {
        "type": "Point",
        "coordinates": [
          -58.55,
          -27.25
        ]
      },
      "properties": {
        "agency": "MADES",
        "site_code": 22,
        "name": "Paso de Patria",
        "river": "Paraná (medio)",
        "variables": "level",
        "variable_labels": "Water level",
        "country": "Paraguay",
        "network": "MADES SIAGUAPY — Armada Nacional/ANNP/DMH-DINAC (manual)",
        "status": "ok",
        "level_m": 4.6,
        "discharge_m3s": null,
        "rain_mm": null,
        "temp_c": null,
        "wind_kmh": null,
        "humidity_pct": null,
        "last_reading_date": "2026-10-06",
        "days_since_reading": 1,
        "trend_variable": "level",
        "trend": "falling",
        "trend_change": -0.62,
        "trend_window_days": 21,
        "trend_history": "[{\"date\":\"2026-09-15\",\"value\":5},{\"date\":\"2026-09-16\",\"value\":5.13},{\"date\":\"2026-09-17\",\"value\":5.25},{\"date\":\"2026-09-19\",\"value\":4.42},{\"date\":\"2026-09-20\",\"value\":4.43},{\"date\":\"2026-09-21\",\"value\":4.65},{\"date\":\"2026-09-22\",\"value\":4.7},{\"date\":\"2026-09-23\",\"value\":4.77},{\"date\":\"2026-09-24\",\"value\":4.8},{\"date\":\"2026-09-25\",\"value\":4.72},{\"date\":\"2026-09-26\",\"value\":4.7},{\"date\":\"2026-09-27\",\"value\":4.65},{\"date\":\"2026-09-28\",\"value\":4.6},{\"date\":\"2026-09-29\",\"value\":4.6},{\"date\":\"2026-09-30\",\"value\":4.58},{\"date\":\"2026-10-01\",\"value\":4.55},{\"date\":\"2026-10-02\",\"value\":4.45},{\"date\":\"2026-10-03\",\"value\":4.35},{\"date\":\"2026-10-04\",\"value\":4.42},{\"date\":\"2026-10-05\",\"value\":4.5},{\"date\":\"2026-10-06\",\"value\":4.6}]",
        "has_forecast": false,
        "forecast": null,
        "alert_level_m": null,
        "critical_level_m": null,
        "disaster_level_m": null
      }
    },
    {
      "type": "Feature",
      "geometry": {
        "type": "Point",
        "coordinates": [
          -62.51849,
          -22.4778
        ]
      },
      "properties": {
        "agency": "MADES",
        "site_code": 29,
        "name": "Pozo Hondo",
        "river": "Pilcomayo",
        "variables": "level",
        "variable_labels": "Water level",
        "country": "Argentina",
        "network": "MADES SIAGUAPY — Armada Nacional/ANNP/DMH-DINAC (manual)",
        "status": "ok",
        "level_m": 3.02,
        "discharge_m3s": null,
        "rain_mm": null,
        "temp_c": null,
        "wind_kmh": null,
        "humidity_pct": null,
        "last_reading_date": "2026-10-05",
        "days_since_reading": 2,
        "trend_variable": "level",
        "trend": "steady",
        "trend_change": 0.02,
        "trend_window_days": 21,
        "trend_history": "[{\"date\":\"2026-09-14\",\"value\":3},{\"date\":\"2026-09-15\",\"value\":3.04},{\"date\":\"2026-09-16\",\"value\":3.01},{\"date\":\"2026-09-17\",\"value\":3.04},{\"date\":\"2026-09-18\",\"value\":3.04},{\"date\":\"2026-09-19\",\"value\":3.04},{\"date\":\"2026-09-20\",\"value\":3.09},{\"date\":\"2026-09-21\",\"value\":3.09},{\"date\":\"2026-09-22\",\"value\":3.05},{\"date\":\"2026-09-23\",\"value\":3.05},{\"date\":\"2026-09-24\",\"value\":3.27},{\"date\":\"2026-09-25\",\"value\":3.18},{\"date\":\"2026-09-26\",\"value\":2.85},{\"date\":\"2026-09-27\",\"value\":3.07},{\"date\":\"2026-09-28\",\"value\":3.07},{\"date\":\"2026-09-29\",\"value\":3.07},{\"date\":\"2026-09-30\",\"value\":2.99},{\"date\":\"2026-10-01\",\"value\":3.07},{\"date\":\"2026-10-02\",\"value\":3.04},{\"date\":\"2026-10-03\",\"value\":3.04},{\"date\":\"2026-10-05\",\"value\":3.02}]",
        "has_forecast": false,
        "forecast": null,
        "alert_level_m": null,
        "critical_level_m": null,
        "disaster_level_m": null
      }
    },
    {
      "type": "Feature",
      "geometry": {
        "type": "Point",
        "coordinates": [
          -57.17,
          -24.1
        ]
      },
      "properties": {
        "agency": "MADES",
        "site_code": 10,
        "name": "Puerto Antequera",
        "river": "Paraguay",
        "variables": "level",
        "variable_labels": "Water level",
        "country": "Paraguay",
        "network": "MADES SIAGUAPY — Armada Nacional/ANNP/DMH-DINAC (manual)",
        "status": "ok",
        "level_m": 1.44,
        "discharge_m3s": null,
        "rain_mm": null,
        "temp_c": null,
        "wind_kmh": null,
        "humidity_pct": null,
        "last_reading_date": "2026-10-06",
        "days_since_reading": 1,
        "trend_variable": "level",
        "trend": "rising",
        "trend_change": 0.14,
        "trend_window_days": 21,
        "trend_history": "[{\"date\":\"2026-09-16\",\"value\":1.23},{\"date\":\"2026-09-17\",\"value\":1.2},{\"date\":\"2026-09-18\",\"value\":1.18},{\"date\":\"2026-09-19\",\"value\":1.18},{\"date\":\"2026-09-20\",\"value\":1.2},{\"date\":\"2026-09-21\",\"value\":1.2},{\"date\":\"2026-09-22\",\"value\":1.19},{\"date\":\"2026-09-23\",\"value\":1.2},{\"date\":\"2026-09-24\",\"value\":1.18},{\"date\":\"2026-09-25\",\"value\":1.18},{\"date\":\"2026-09-26\",\"value\":1.2},{\"date\":\"2026-09-27\",\"value\":1.22},{\"date\":\"2026-09-28\",\"value\":1.24},{\"date\":\"2026-09-29\",\"value\":1.26},{\"date\":\"2026-09-30\",\"value\":1.26},{\"date\":\"2026-10-01\",\"value\":1.23},{\"date\":\"2026-10-02\",\"value\":1.2},{\"date\":\"2026-10-03\",\"value\":1.17},{\"date\":\"2026-10-04\",\"value\":1.23},{\"date\":\"2026-10-05\",\"value\":1.36},{\"date\":\"2026-10-06\",\"value\":1.44}]",
        "has_forecast": false,
        "forecast": null,
        "alert_level_m": null,
        "critical_level_m": null,
        "disaster_level_m": null
      }
    },
    {
      "type": "Feature",
      "geometry": {
        "type": "Point",
        "coordinates": [
          -57.60194,
          -19.005
        ]
      },
      "properties": {
        "agency": "MADES",
        "site_code": 1,
        "name": "Puerto Ladario - Brasil",
        "river": "Paraguay",
        "variables": "level",
        "variable_labels": "Water level",
        "country": "Brasil",
        "network": "MADES SIAGUAPY — Armada Nacional/ANNP/DMH-DINAC (manual)",
        "status": "ok",
        "level_m": 1.15,
        "discharge_m3s": null,
        "rain_mm": null,
        "temp_c": null,
        "wind_kmh": null,
        "humidity_pct": null,
        "last_reading_date": "2026-10-05",
        "days_since_reading": 2,
        "trend_variable": "level",
        "trend": "falling",
        "trend_change": -0.42,
        "trend_window_days": 21,
        "trend_history": "[{\"date\":\"2026-09-15\",\"value\":1.56},{\"date\":\"2026-09-16\",\"value\":1.54},{\"date\":\"2026-09-17\",\"value\":1.52},{\"date\":\"2026-09-18\",\"value\":1.5},{\"date\":\"2026-09-19\",\"value\":1.45},{\"date\":\"2026-09-20\",\"value\":1.44},{\"date\":\"2026-09-21\",\"value\":1.4},{\"date\":\"2026-09-22\",\"value\":1.4},{\"date\":\"2026-09-23\",\"value\":1.37},{\"date\":\"2026-09-24\",\"value\":1.36},{\"date\":\"2026-09-25\",\"value\":1.31},{\"date\":\"2026-09-26\",\"value\":1.3},{\"date\":\"2026-09-27\",\"value\":1.29},{\"date\":\"2026-09-28\",\"value\":1.28},{\"date\":\"2026-09-29\",\"value\":1.18},{\"date\":\"2026-09-30\",\"value\":1.17},{\"date\":\"2026-10-01\",\"value\":1.16},{\"date\":\"2026-10-02\",\"value\":1.14},{\"date\":\"2026-10-03\",\"value\":1.12},{\"date\":\"2026-10-04\",\"value\":1.1},{\"date\":\"2026-10-05\",\"value\":1.15}]",
        "has_forecast": false,
        "forecast": null,
        "alert_level_m": null,
        "critical_level_m": null,
        "disaster_level_m": null
      }
    },
    {
      "type": "Feature",
      "geometry": {
        "type": "Point",
        "coordinates": [
          -57.165856,
          -24.427809
        ]
      },
      "properties": {
        "agency": "MADES",
        "site_code": 9,
        "name": "Rosario",
        "river": "Paraguay",
        "variables": "level",
        "variable_labels": "Water level",
        "country": "Paraguay",
        "network": "MADES SIAGUAPY — Armada Nacional/ANNP/DMH-DINAC (manual)",
        "status": "ok",
        "level_m": 1.26,
        "discharge_m3s": null,
        "rain_mm": null,
        "temp_c": null,
        "wind_kmh": null,
        "humidity_pct": null,
        "last_reading_date": "2026-10-06",
        "days_since_reading": 1,
        "trend_variable": "level",
        "trend": "rising",
        "trend_change": 0.06,
        "trend_window_days": 21,
        "trend_history": "[{\"date\":\"2026-09-16\",\"value\":1.16},{\"date\":\"2026-09-17\",\"value\":1.14},{\"date\":\"2026-09-18\",\"value\":1.1},{\"date\":\"2026-09-19\",\"value\":1.1},{\"date\":\"2026-09-20\",\"value\":1.14},{\"date\":\"2026-09-21\",\"value\":1.14},{\"date\":\"2026-09-22\",\"value\":1.16},{\"date\":\"2026-09-23\",\"value\":1.18},{\"date\":\"2026-09-24\",\"value\":1.14},{\"date\":\"2026-09-25\",\"value\":1.13},{\"date\":\"2026-09-26\",\"value\":1.12},{\"date\":\"2026-09-27\",\"value\":1.11},{\"date\":\"2026-09-28\",\"value\":1.09},{\"date\":\"2026-09-29\",\"value\":1.11},{\"date\":\"2026-09-30\",\"value\":1.16},{\"date\":\"2026-10-01\",\"value\":1.19},{\"date\":\"2026-10-02\",\"value\":1.19},{\"date\":\"2026-10-03\",\"value\":1.17},{\"date\":\"2026-10-04\",\"value\":1.15},{\"date\":\"2026-10-05\",\"value\":1.16},{\"date\":\"2026-10-06\",\"value\":1.26}]",
        "has_forecast": false,
        "forecast": null,
        "alert_level_m": null,
        "critical_level_m": null,
        "disaster_level_m": null
      }
    },
    {
      "type": "Feature",
      "geometry": {
        "type": "Point",
        "coordinates": [
          -54.353,
          -24.032
        ]
      },
      "properties": {
        "agency": "MADES",
        "site_code": 18,
        "name": "Salto del Guairá",
        "river": "Paraná (medio)",
        "variables": "level",
        "variable_labels": "Water level",
        "country": "Paraguay",
        "network": "MADES SIAGUAPY — Armada Nacional/ANNP/DMH-DINAC (manual)",
        "status": "ok",
        "level_m": 6.94,
        "discharge_m3s": null,
        "rain_mm": null,
        "temp_c": null,
        "wind_kmh": null,
        "humidity_pct": null,
        "last_reading_date": "2026-10-06",
        "days_since_reading": 1,
        "trend_variable": "level",
        "trend": "rising",
        "trend_change": 0.22,
        "trend_window_days": 21,
        "trend_history": "[{\"date\":\"2026-09-16\",\"value\":6.75},{\"date\":\"2026-09-17\",\"value\":6.87},{\"date\":\"2026-09-18\",\"value\":6.93},{\"date\":\"2026-09-19\",\"value\":6.96},{\"date\":\"2026-09-20\",\"value\":6.9},{\"date\":\"2026-09-21\",\"value\":6.88},{\"date\":\"2026-09-22\",\"value\":6.88},{\"date\":\"2026-09-23\",\"value\":6.94},{\"date\":\"2026-09-24\",\"value\":7},{\"date\":\"2026-09-25\",\"value\":7.02},{\"date\":\"2026-09-26\",\"value\":7.08},{\"date\":\"2026-09-27\",\"value\":7.08},{\"date\":\"2026-09-28\",\"value\":7.06},{\"date\":\"2026-09-29\",\"value\":7.01},{\"date\":\"2026-09-30\",\"value\":7.1},{\"date\":\"2026-10-01\",\"value\":7.08},{\"date\":\"2026-10-02\",\"value\":7.04},{\"date\":\"2026-10-03\",\"value\":7.06},{\"date\":\"2026-10-04\",\"value\":7.26},{\"date\":\"2026-10-05\",\"value\":7.01},{\"date\":\"2026-10-06\",\"value\":6.94}]",
        "has_forecast": false,
        "forecast": null,
        "alert_level_m": null,
        "critical_level_m": null,
        "disaster_level_m": null
      }
    },
    {
      "type": "Feature",
      "geometry": {
        "type": "Point",
        "coordinates": [
          -56.35,
          -27.305
        ]
      },
      "properties": {
        "agency": "MADES",
        "site_code": 27,
        "name": "San Cosme y San Damián",
        "river": "Paraná (medio)",
        "variables": "level",
        "variable_labels": "Water level",
        "country": "Paraguay",
        "network": "MADES SIAGUAPY — Armada Nacional/ANNP/DMH-DINAC (manual)",
        "status": "ok",
        "level_m": 9.94,
        "discharge_m3s": null,
        "rain_mm": null,
        "temp_c": null,
        "wind_kmh": null,
        "humidity_pct": null,
        "last_reading_date": "2026-10-06",
        "days_since_reading": 1,
        "trend_variable": "level",
        "trend": "steady",
        "trend_change": 0.01,
        "trend_window_days": 21,
        "trend_history": "[{\"date\":\"2026-09-16\",\"value\":9.9},{\"date\":\"2026-09-17\",\"value\":9.9},{\"date\":\"2026-09-18\",\"value\":9.9},{\"date\":\"2026-09-19\",\"value\":9.9},{\"date\":\"2026-09-20\",\"value\":9.9},{\"date\":\"2026-09-21\",\"value\":9.9},{\"date\":\"2026-09-22\",\"value\":9.95},{\"date\":\"2026-09-23\",\"value\":9.95},{\"date\":\"2026-09-24\",\"value\":9.92},{\"date\":\"2026-09-25\",\"value\":9.92},{\"date\":\"2026-09-26\",\"value\":9.92},{\"date\":\"2026-09-27\",\"value\":9.9},{\"date\":\"2026-09-28\",\"value\":9.93},{\"date\":\"2026-09-29\",\"value\":9.93},{\"date\":\"2026-09-30\",\"value\":9.95},{\"date\":\"2026-10-01\",\"value\":9.95},{\"date\":\"2026-10-02\",\"value\":9.95},{\"date\":\"2026-10-03\",\"value\":9.9},{\"date\":\"2026-10-04\",\"value\":9.9},{\"date\":\"2026-10-05\",\"value\":9.9},{\"date\":\"2026-10-06\",\"value\":9.94}]",
        "has_forecast": false,
        "forecast": null,
        "alert_level_m": null,
        "critical_level_m": null,
        "disaster_level_m": null
      }
    },
    {
      "type": "Feature",
      "geometry": {
        "type": "Point",
        "coordinates": [
          -58.046136,
          -22.1346626
        ]
      },
      "properties": {
        "agency": "MADES",
        "site_code": 7,
        "name": "Vallemí",
        "river": "Paraguay",
        "variables": "level",
        "variable_labels": "Water level",
        "country": "Paraguay",
        "network": "MADES SIAGUAPY — Armada Nacional/ANNP/DMH-DINAC (manual)",
        "status": "ok",
        "level_m": 2.46,
        "discharge_m3s": null,
        "rain_mm": null,
        "temp_c": null,
        "wind_kmh": null,
        "humidity_pct": null,
        "last_reading_date": "2026-10-06",
        "days_since_reading": 1,
        "trend_variable": "level",
        "trend": "falling",
        "trend_change": -0.18,
        "trend_window_days": 21,
        "trend_history": "[{\"date\":\"2026-09-16\",\"value\":2.44},{\"date\":\"2026-09-17\",\"value\":2.42},{\"date\":\"2026-09-18\",\"value\":2.41},{\"date\":\"2026-09-19\",\"value\":2.4},{\"date\":\"2026-09-20\",\"value\":2.39},{\"date\":\"2026-09-21\",\"value\":2.37},{\"date\":\"2026-09-22\",\"value\":2.35},{\"date\":\"2026-09-23\",\"value\":2.32},{\"date\":\"2026-09-24\",\"value\":2.31},{\"date\":\"2026-09-25\",\"value\":2.3},{\"date\":\"2026-09-26\",\"value\":2.29},{\"date\":\"2026-09-27\",\"value\":2.28},{\"date\":\"2026-09-28\",\"value\":2.28},{\"date\":\"2026-09-29\",\"value\":2.26},{\"date\":\"2026-09-30\",\"value\":2.25},{\"date\":\"2026-10-01\",\"value\":2.3},{\"date\":\"2026-10-02\",\"value\":2.3},{\"date\":\"2026-10-03\",\"value\":2.3},{\"date\":\"2026-10-04\",\"value\":2},{\"date\":\"2026-10-05\",\"value\":2.28},{\"date\":\"2026-10-06\",\"value\":2.46}]",
        "has_forecast": false,
        "forecast": null,
        "alert_level_m": null,
        "critical_level_m": null,
        "disaster_level_m": null
      }
    },
    {
      "type": "Feature",
      "geometry": {
        "type": "Point",
        "coordinates": [
          -63.503391,
          -21.2609
        ]
      },
      "properties": {
        "agency": "MADES",
        "site_code": 45,
        "name": "Villa Montes",
        "river": "Pilcomayo",
        "variables": "level",
        "variable_labels": "Water level",
        "country": "Bolivia",
        "network": "MADES SIAGUAPY — Comisión Trinacional del Pilcomayo (automatic)",
        "status": "ok",
        "level_m": 0.81,
        "discharge_m3s": null,
        "rain_mm": null,
        "temp_c": null,
        "wind_kmh": null,
        "humidity_pct": null,
        "last_reading_date": "2026-10-06",
        "days_since_reading": 1,
        "trend_variable": "level",
        "trend": "steady",
        "trend_change": 0,
        "trend_window_days": 21,
        "trend_history": "[{\"date\":\"2026-09-16\",\"value\":0.82},{\"date\":\"2026-09-17\",\"value\":0.81},{\"date\":\"2026-09-18\",\"value\":0.81},{\"date\":\"2026-09-19\",\"value\":0.84},{\"date\":\"2026-09-20\",\"value\":1.07},{\"date\":\"2026-09-21\",\"value\":1},{\"date\":\"2026-09-22\",\"value\":0.92},{\"date\":\"2026-09-23\",\"value\":0.87},{\"date\":\"2026-09-24\",\"value\":0.86},{\"date\":\"2026-09-25\",\"value\":0.84},{\"date\":\"2026-09-26\",\"value\":0.82},{\"date\":\"2026-09-27\",\"value\":0.8},{\"date\":\"2026-09-28\",\"value\":0.79},{\"date\":\"2026-09-29\",\"value\":0.78},{\"date\":\"2026-09-30\",\"value\":0.82},{\"date\":\"2026-10-01\",\"value\":1.13},{\"date\":\"2026-10-02\",\"value\":0.96},{\"date\":\"2026-10-03\",\"value\":0.87},{\"date\":\"2026-10-04\",\"value\":0.83},{\"date\":\"2026-10-05\",\"value\":0.8},{\"date\":\"2026-10-06\",\"value\":0.81}]",
        "has_forecast": false,
        "forecast": null,
        "alert_level_m": 3,
        "critical_level_m": null,
        "disaster_level_m": 4
      }
    },
    {
      "type": "Feature",
      "geometry": {
        "type": "Point",
        "coordinates": [
          -57.575242,
          -25.506747
        ]
      },
      "properties": {
        "agency": "MADES",
        "site_code": 11,
        "name": "Villeta",
        "river": "Paraguay",
        "variables": "level",
        "variable_labels": "Water level",
        "country": "Paraguay",
        "network": "MADES SIAGUAPY — Armada Nacional/ANNP/DMH-DINAC (manual)",
        "status": "ok",
        "level_m": 1.02,
        "discharge_m3s": null,
        "rain_mm": null,
        "temp_c": null,
        "wind_kmh": null,
        "humidity_pct": null,
        "last_reading_date": "2026-10-06",
        "days_since_reading": 1,
        "trend_variable": "level",
        "trend": "rising",
        "trend_change": 0.14,
        "trend_window_days": 21,
        "trend_history": "[{\"date\":\"2026-09-16\",\"value\":0.86},{\"date\":\"2026-09-17\",\"value\":0.85},{\"date\":\"2026-09-18\",\"value\":0.83},{\"date\":\"2026-09-19\",\"value\":0.87},{\"date\":\"2026-09-20\",\"value\":0.87},{\"date\":\"2026-09-21\",\"value\":0.86},{\"date\":\"2026-09-22\",\"value\":0.87},{\"date\":\"2026-09-23\",\"value\":0.87},{\"date\":\"2026-09-24\",\"value\":0.85},{\"date\":\"2026-09-25\",\"value\":0.85},{\"date\":\"2026-09-26\",\"value\":0.84},{\"date\":\"2026-09-27\",\"value\":0.83},{\"date\":\"2026-09-28\",\"value\":0.83},{\"date\":\"2026-09-29\",\"value\":0.84},{\"date\":\"2026-09-30\",\"value\":0.87},{\"date\":\"2026-10-01\",\"value\":0.89},{\"date\":\"2026-10-02\",\"value\":0.87},{\"date\":\"2026-10-03\",\"value\":0.85},{\"date\":\"2026-10-04\",\"value\":0.96},{\"date\":\"2026-10-05\",\"value\":0.97},{\"date\":\"2026-10-06\",\"value\":1.02}]",
        "has_forecast": false,
        "forecast": null,
        "alert_level_m": 5.5,
        "critical_level_m": 7.5,
        "disaster_level_m": 8
      }
    }
  ]
}