{
  "type": "FeatureCollection",
  "features": [
    {
      "type": "Feature",
      "geometry": {
        "type": "MultiLineString",
        "coordinates": [
          [
            [
              -54.59333747,
              -25.59178041
            ],
            [
              -54.59008408,
              -25.59201813
            ],
            [
              -54.58861923,
              -25.59214783
            ],
            [
              -54.58701706,
              -25.59207344
            ],
            [
              -54.58564758,
              -25.59211922
            ],
            [
              -54.58451462,
              -25.59238434
            ],
            [
              -54.5832901,
              -25.59221649
            ],
            [
              -54.58150101,
              -25.59226417
            ],
            [
              -54.58012772,
              -25.59175873
            ],
            [
              -54.57915878,
              -25.59114265
            ],
            [
              -54.5785408,
              -25.59072113
            ],
            [
              -54.57690811,
              -25.59078789
            ],
            [
              -54.57606125,
              -25.59020424
            ],
            [
              -54.57467651,
              -25.59044266
            ],
            [
              -54.57368088,
              -25.59022331
            ],
            [
              -54.57217407,
              -25.59023094
            ],
            [
              -54.57062912,
              -25.59056663
            ],
            [
              -54.56929779,
              -25.5904007
            ],
            [
              -54.56764603,
              -25.59058571
            ],
            [
              -54.56669617,
              -25.59042358
            ],
            [
              -54.5658493,
              -25.590168
            ],
            [
              -54.56411362,
              -25.58903122
            ],
            [
              -54.56304169,
              -25.5883503
            ],
            [
              -54.56206512,
              -25.58804321
            ],
            [
              -54.56149673,
              -25.58761597
            ],
            [
              -54.55923462,
              -25.58719826
            ],
            [
              -54.55762863,
              -25.58668709
            ],
            [
              -54.55612183,
              -25.58677864
            ],
            [
              -54.55517578,
              -25.58678627
            ],
            [
              -54.55394745,
              -25.5868721
            ],
            [
              -54.55293274,
              -25.58711243
            ],
            [
              -54.55179596,
              -25.58786392
            ],
            [
              -54.55072403,
              -25.5885582
            ],
            [
              -54.54958725,
              -25.58907509
            ],
            [
              -54.54851532,
              -25.58976555
            ],
            [
              -54.54744339,
              -25.59045601
            ],
            [
              -54.54637146,
              -25.59114647
            ],
            [
              -54.54319763,
              -25.59323502
            ],
            [
              -54.54017258,
              -25.59476662
            ],
            [
              -54.53854752,
              -25.59502029
            ],
            [
              -54.53713989,
              -25.59526634
            ],
            [
              -54.53617096,
              -25.59596252
            ],
            [
              -54.53552246,
              -25.59670067
            ],
            [
              -54.53433609,
              -25.59754181
            ],
            [
              -54.53298569,
              -25.59857941
            ],
            [
              -54.53252792,
              -25.59933662
            ],
            [
              -54.53219223,
              -25.60104752
            ],
            [
              -54.53198242,
              -25.60232544
            ],
            [
              -54.53199387,
              -25.60409164
            ],
            [
              -54.5321579,
              -25.60689545
            ],
            [
              -54.53266144,
              -25.60900307
            ],
            [
              -54.53343201,
              -25.61112022
            ],
            [
              -54.53403091,
              -25.61283493
            ],
            [
              -54.53490448,
              -25.61465263
            ],
            [
              -54.53604889,
              -25.61528397
            ],
            [
              -54.53631973,
              -25.61602592
            ],
            [
              -54.53601456,
              -25.61756897
            ],
            [
              -54.53575516,
              -25.61952972
            ],
            [
              -54.53089142,
              -25.62382698
            ],
            [
              -54.52841186,
              -25.62580681
            ],
            [
              -54.52722168,
              -25.62703705
            ],
            [
              -54.52419662,
              -25.62808418
            ],
            [
              -54.52283859,
              -25.62783813
            ],
            [
              -54.52245331,
              -25.62680817
            ],
            [
              -54.52138519,
              -25.62463379
            ],
            [
              -54.51992416,
              -25.62394905
            ],
            [
              -54.51861954,
              -25.62405586
            ],
            [
              -54.5170517,
              -25.62425041
            ],
            [
              -54.51601791,
              -25.62386322
            ],
            [
              -54.51531601,
              -25.62322998
            ],
            [
              -54.51454925,
              -25.6222496
            ],
            [
              -54.51405716,
              -25.62156105
            ],
            [
              -54.51356506,
              -25.62033653
            ],
            [
              -54.51307297,
              -25.61885834
            ],
            [
              -54.5121994,
              -25.61761665
            ],
            [
              -54.51073837,
              -25.6175251
            ],
            [
              -54.50927734,
              -25.61759758
            ],
            [
              -54.50808334,
              -25.61745071
            ],
            [
              -54.50699234,
              -25.61676788
            ],
            [
              -54.50547409,
              -25.61529922
            ],
            [
              -54.50395584,
              -25.61410713
            ],
            [
              -54.5021019,
              -25.61368942
            ],
            [
              -54.49956512,
              -25.61372948
            ],
            [
              -54.49869537,
              -25.61419487
            ],
            [
              -54.49631882,
              -25.61536789
            ],
            [
              -54.49518585,
              -25.61636734
            ],
            [
              -54.49382782,
              -25.61686325
            ],
            [
              -54.49214935,
              -25.61765671
            ],
            [
              -54.49085617,
              -25.6186924
            ],
            [
              -54.48830795,
              -25.6209259
            ],
            [
              -54.48777389,
              -25.62141991
            ],
            [
              -54.48641968,
              -25.62250137
            ],
            [
              -54.4845314,
              -25.62388802
            ],
            [
              -54.48420715,
              -25.62472916
            ],
            [
              -54.48356247,
              -25.62565994
            ],
            [
              -54.48204803,
              -25.62684822
            ],
            [
              -54.48097229,
              -25.62758636
            ],
            [
              -54.47853851,
              -25.62877464
            ],
            [
              -54.47578049,
              -25.63050461
            ],
            [
              -54.4727211,
              -25.63339043
            ],
            [
              -54.47147369,
              -25.63408279
            ],
            [
              -54.47012711,
              -25.63467598
            ],
            [
              -54.46860886,
              -25.63571167
            ],
            [
              -54.46763611,
              -25.63704491
            ],
            [
              -54.46693802,
              -25.63817787
            ],
            [
              -54.46585846,
              -25.63960075
            ],
            [
              -54.46499252,
              -25.64039803
            ],
            [
              -54.46445847,
              -25.64078712
            ],
            [
              -54.46403122,
              -25.64191818
            ],
            [
              -54.46289444,
              -25.64271164
            ],
            [
              -54.46240997,
              -25.64315414
            ],
            [
              -54.46159363,
              -25.6438961
            ],
            [
              -54.4600296,
              -25.64508057
            ],
            [
              -54.45929336,
              -25.64599609
            ],
            [
              -54.4589119,
              -25.64658737
            ],
            [
              -54.45832062,
              -25.6474266
            ],
            [
              -54.45729446,
              -25.64855766
            ],
            [
              -54.45670319,
              -25.64969444
            ],
            [
              -54.45513916,
              -25.6513176
            ],
            [
              -54.45297623,
              -25.65339088
            ],
            [
              -54.45201111,
              -25.65486717
            ],
            [
              -54.45114136,
              -25.65582848
            ],
            [
              -54.45055771,
              -25.65651512
            ],
            [
              -54.44990921,
              -25.65770149
            ],
            [
              -54.44947433,
              -25.65824509
            ],
            [
              -54.44909668,
              -25.65888023
            ],
            [
              -54.44812775,
              -25.66016388
            ],
            [
              -54.4465065,
              -25.66213417
            ],
            [
              -54.44602203,
              -25.66331673
            ],
            [
              -54.44510651,
              -25.66444969
            ],
            [
              -54.44457245,
              -25.66552925
            ],
            [
              -54.44397736,
              -25.66681671
            ],
            [
              -54.44376373,
              -25.66769981
            ],
            [
              -54.44338608,
              -25.66843605
            ],
            [
              -54.44306183,
              -25.66966248
            ],
            [
              -54.44296265,
              -25.67079925
            ],
            [
              -54.44253159,
              -25.67204666
            ],
            [
              -54.44242477,
              -25.6722908
            ],
            [
              -54.4425354,
              -25.67268753
            ],
            [
              -54.44313812,
              -25.67352104
            ],
            [
              -54.44314194,
              -25.67474937
            ],
            [
              -54.44244003,
              -25.6760788
            ],
            [
              -54.44163513,
              -25.67804336
            ],
            [
              -54.44131851,
              -25.68035507
            ],
            [
              -54.44099045,
              -25.68196869
            ],
            [
              -54.44016266,
              -25.68730164
            ],
            [
              -54.43848038,
              -25.6903305
            ],
            [
              -54.43734741,
              -25.69061661
            ],
            [
              -54.43613815,
              -25.69154549
            ],
            [
              -54.43481445,
              -25.69264603
            ],
            [
              -54.43290329,
              -25.69321442
            ],
            [
              -54.43130112,
              -25.69268799
            ],
            [
              -54.42996979,
              -25.69173622
            ],
            [
              -54.42924118,
              -25.68988228
            ],
            [
              -54.429142,
              -25.68866157
            ],
            [
              -54.42932892,
              -25.68777275
            ],
            [
              -54.42940521,
              -25.68706894
            ],
            [
              -54.42897415,
              -25.68636131
            ],
            [
              -54.42854309,
              -25.68445015
            ],
            [
              -54.4288063,
              -25.68182945
            ],
            [
              -54.42895126,
              -25.68020248
            ],
            [
              -54.42952728,
              -25.67803955
            ],
            [
              -54.43019104,
              -25.6770134
            ],
            [
              -54.43053436,
              -25.67545509
            ],
            [
              -54.43107605,
              -25.67435455
            ],
            [
              -54.43193436,
              -25.67268753
            ],
            [
              -54.43270493,
              -25.67102241
            ],
            [
              -54.43297195,
              -25.67029762
            ],
            [
              -54.43270493,
              -25.66855621
            ],
            [
              -54.432518,
              -25.66726494
            ],
            [
              -54.4322052,
              -25.6644001
            ],
            [
              -54.4315033,
              -25.66240501
            ],
            [
              -54.4309845,
              -25.6607914
            ],
            [
              -54.42980957,
              -25.6584816
            ],
            [
              -54.42925644,
              -25.6573143
            ],
            [
              -54.42793655,
              -25.65517425
            ],
            [
              -54.42609787,
              -25.65380287
            ],
            [
              -54.42531204,
              -25.65345001
            ],
            [
              -54.42413711,
              -25.65285301
            ],
            [
              -54.42331696,
              -25.6526432
            ],
            [
              -54.42195129,
              -25.65210915
            ],
            [
              -54.42057419,
              -25.65088081
            ],
            [
              -54.41936111,
              -25.64988899
            ],
            [
              -54.41884994,
              -25.64911079
            ],
            [
              -54.41783524,
              -25.64868736
            ],
            [
              -54.41638565,
              -25.64759827
            ],
            [
              -54.41509628,
              -25.64699745
            ],
            [
              -54.41400146,
              -25.64593697
            ],
            [
              -54.41356277,
              -25.64501572
            ],
            [
              -54.41345978,
              -25.64447212
            ],
            [
              -54.41251755,
              -25.64362144
            ],
            [
              -54.41169357,
              -25.6428833
            ],
            [
              -54.41044617,
              -25.6427784
            ],
            [
              -54.40927505,
              -25.64264107
            ],
            [
              -54.40732193,
              -25.6423645
            ],
            [
              -54.40500641,
              -25.64130783
            ],
            [
              -54.402668,
              -25.63978958
            ],
            [
              -54.40164947,
              -25.63855934
            ],
            [
              -54.40088654,
              -25.63785553
            ],
            [
              -54.39971542,
              -25.63679123
            ],
            [
              -54.39881134,
              -25.63569832
            ],
            [
              -54.39833832,
              -25.63492203
            ],
            [
              -54.39805984,
              -25.63350105
            ],
            [
              -54.39754868,
              -25.63248062
            ],
            [
              -54.39669037,
              -25.63163185
            ],
            [
              -54.3961792,
              -25.63095665
            ],
            [
              -54.39512634,
              -25.62903404
            ],
            [
              -54.39414978,
              -25.62754631
            ],
            [
              -54.39320755,
              -25.62627602
            ],
            [
              -54.39265823,
              -25.62485886
            ],
            [
              -54.39195251,
              -25.62401581
            ],
            [
              -54.39163589,
              -25.62302399
            ],
            [
              -54.39159012,
              -25.62156868
            ],
            [
              -54.39205551,
              -25.620718
            ],
            [
              -54.39208603,
              -25.61939049
            ],
            [
              -54.39262772,
              -25.61786652
            ],
            [
              -54.39281845,
              -25.61602211
            ],
            [
              -54.39343262,
              -25.61435699
            ],
            [
              -54.3941803,
              -25.61336136
            ],
            [
              -54.39471817,
              -25.61222839
            ],
            [
              -54.39503097,
              -25.61102295
            ],
            [
              -54.39583588,
              -25.60927772
            ],
            [
              -54.3957901,
              -25.60757637
            ],
            [
              -54.39598083,
              -25.60562897
            ],
            [
              -54.39499664,
              -25.6026535
            ],
            [
              -54.39385986,
              -25.60042572
            ],
            [
              -54.39283752,
              -25.59830475
            ],
            [
              -54.39099503,
              -25.59661293
            ],
            [
              -54.3897438,
              -25.59579849
            ],
            [
              -54.38747787,
              -25.59538269
            ],
            [
              -54.38551712,
              -25.59515953
            ],
            [
              -54.38280487,
              -25.59473419
            ],
            [
              -54.38127899,
              -25.59410095
            ],
            [
              -54.37952423,
              -25.59335899
            ],
            [
              -54.37800598,
              -25.59294319
            ],
            [
              -54.37675857,
              -25.59269333
            ],
            [
              -54.37581634,
              -25.59287453
            ],
            [
              -54.37461853,
              -25.59256172
            ],
            [
              -54.37393188,
              -25.59245872
            ],
            [
              -54.37308121,
              -25.59245682
            ],
            [
              -54.37133026,
              -25.59274673
            ],
            [
              -54.36961365,
              -25.59321022
            ],
            [
              -54.36801147,
              -25.59381485
            ],
            [
              -54.36649322,
              -25.59473991
            ],
            [
              -54.36524582,
              -25.59523964
            ],
            [
              -54.36442947,
              -25.59538078
            ],
            [
              -54.36364746,
              -25.5954895
            ],
            [
              -54.36132431,
              -25.59612274
            ],
            [
              -54.3588295,
              -25.59719658
            ],
            [
              -54.35614014,
              -25.59872246
            ],
            [
              -54.35474014,
              -25.59975433
            ],
            [
              -54.35353088,
              -25.60007667
            ],
            [
              -54.35181808,
              -25.60064697
            ],
            [
              -54.35053253,
              -25.60189247
            ],
            [
              -54.34971237,
              -25.60263634
            ],
            [
              -54.34877777,
              -25.60271072
            ],
            [
              -54.34784317,
              -25.6021347
            ],
            [
              -54.34735107,
              -25.60125542
            ],
            [
              -54.34699249,
              -25.59988403
            ],
            [
              -54.34642029,
              -25.59919548
            ],
            [
              -54.34539032,
              -25.59822464
            ],
            [
              -54.34454727,
              -25.59729195
            ],
            [
              -54.3437767,
              -25.59629059
            ],
            [
              -54.34189987,
              -25.59423828
            ],
            [
              -54.34075928,
              -25.59276009
            ],
            [
              -54.33972931,
              -25.59150124
            ],
            [
              -54.33963013,
              -25.59127617
            ],
            [
              -54.33852386,
              -25.58879471
            ],
            [
              -54.33808136,
              -25.58696747
            ],
            [
              -54.33797073,
              -25.58458137
            ],
            [
              -54.33802795,
              -25.58209228
            ],
            [
              -54.33783722,
              -25.57982826
            ],
            [
              -54.33748245,
              -25.57717133
            ],
            [
              -54.33641815,
              -25.57441139
            ],
            [
              -54.33535767,
              -25.57295799
            ],
            [
              -54.33446121,
              -25.57151604
            ],
            [
              -54.33363724,
              -25.57055664
            ],
            [
              -54.33211136,
              -25.56985664
            ],
            [
              -54.33163071,
              -25.56937599
            ],
            [
              -54.32971573,
              -25.56845856
            ],
            [
              -54.32862091,
              -25.56744003
            ],
            [
              -54.32717514,
              -25.56648254
            ],
            [
              -54.32533646,
              -25.56539154
            ],
            [
              -54.3246727,
              -25.56475258
            ],
            [
              -54.32361221,
              -25.56355476
            ],
            [
              -54.32255554,
              -25.56245804
            ],
            [
              -54.32017899,
              -25.56189918
            ],
            [
              -54.31776047,
              -25.56183052
            ],
            [
              -54.31572723,
              -25.56187057
            ],
            [
              -54.31306839,
              -25.56189918
            ],
            [
              -54.31098175,
              -25.56170654
            ],
            [
              -54.30934524,
              -25.56121445
            ],
            [
              -54.30796432,
              -25.56077003
            ],
            [
              -54.30540085,
              -25.56037331
            ],
            [
              -54.3023262,
              -25.55857658
            ],
            [
              -54.30125809,
              -25.55706596
            ],
            [
              -54.30075455,
              -25.55539513
            ],
            [
              -54.3004303,
              -25.55517006
            ],
            [
              -54.29945755,
              -25.55448341
            ],
            [
              -54.29785538,
              -25.55335236
            ],
            [
              -54.29613876,
              -25.5528965
            ],
            [
              -54.29303741,
              -25.55263519
            ],
            [
              -54.29162216,
              -25.55263519
            ],
            [
              -54.29043579,
              -25.5521698
            ],
            [
              -54.28914642,
              -25.55217361
            ],
            [
              -54.28808975,
              -25.55217171
            ],
            [
              -54.28515625,
              -25.552248
            ],
            [
              -54.28118133,
              -25.55313683
            ],
            [
              -54.27856827,
              -25.55449104
            ],
            [
              -54.27656174,
              -25.55604553
            ],
            [
              -54.27529526,
              -25.55772209
            ],
            [
              -54.27416992,
              -25.55977821
            ],
            [
              -54.27359009,
              -25.56148148
            ],
            [
              -54.27347565,
              -25.56183243
            ],
            [
              -54.27118683,
              -25.56673241
            ],
            [
              -54.26903152,
              -25.57040596
            ],
            [
              -54.26725769,
              -25.57264709
            ],
            [
              -54.26543426,
              -25.57509994
            ],
            [
              -54.26388168,
              -25.5779686
            ],
            [
              -54.26255035,
              -25.57959938
            ],
            [
              -54.25762939,
              -25.5863018
            ],
            [
              -54.25479126,
              -25.58977699
            ],
            [
              -54.25413132,
              -25.59133339
            ],
            [
              -54.25299454,
              -25.59346008
            ],
            [
              -54.25222015,
              -25.59409904
            ],
            [
              -54.24918747,
              -25.5951786
            ],
            [
              -54.24824142,
              -25.59545326
            ],
            [
              -54.24565506,
              -25.59459877
            ],
            [
              -54.24465179,
              -25.59443474
            ],
            [
              -54.24336243,
              -25.59383392
            ],
            [
              -54.24123383,
              -25.59396553
            ],
            [
              -54.24062729,
              -25.59377098
            ],
            [
              -54.23925781,
              -25.59236717
            ],
            [
              -54.23855591,
              -25.59100723
            ],
            [
              -54.2388649,
              -25.59004974
            ],
            [
              -54.23823929,
              -25.587574
            ],
            [
              -54.23817444,
              -25.58525848
            ],
            [
              -54.23859787,
              -25.58359146
            ],
            [
              -54.23923492,
              -25.58098602
            ],
            [
              -54.23933029,
              -25.57908821
            ],
            [
              -54.23976517,
              -25.57735252
            ],
            [
              -54.23959732,
              -25.57466316
            ],
            [
              -54.24014282,
              -25.57321358
            ],
            [
              -54.24102402,
              -25.5707531
            ],
            [
              -54.24113846,
              -25.56838036
            ],
            [
              -54.24050903,
              -25.56699943
            ],
            [
              -54.23902512,
              -25.56506348
            ],
            [
              -54.23813629,
              -25.56390381
            ],
            [
              -54.23574448,
              -25.56226349
            ],
            [
              -54.23432541,
              -25.56137466
            ],
            [
              -54.23179626,
              -25.56043053
            ],
            [
              -54.22820663,
              -25.56035995
            ],
            [
              -54.22488785,
              -25.56104279
            ],
            [
              -54.2192688,
              -25.5637722
            ],
            [
              -54.21692657,
              -25.56554794
            ],
            [
              -54.21405792,
              -25.56812096
            ],
            [
              -54.211586,
              -25.57016182
            ],
            [
              -54.20901489,
              -25.57214355
            ],
            [
              -54.20660019,
              -25.57377434
            ],
            [
              -54.20430374,
              -25.57529831
            ],
            [
              -54.20227432,
              -25.57619286
            ],
            [
              -54.20090866,
              -25.57711792
            ],
            [
              -54.19977951,
              -25.57796287
            ],
            [
              -54.19500732,
              -25.58045578
            ],
            [
              -54.19215774,
              -25.58185005
            ],
            [
              -54.18954468,
              -25.58304977
            ],
            [
              -54.18740082,
              -25.58361816
            ],
            [
              -54.1847496,
              -25.58397675
            ],
            [
              -54.18299484,
              -25.58415604
            ],
            [
              -54.18115616,
              -25.58370018
            ],
            [
              -54.17951965,
              -25.58316612
            ],
            [
              -54.17803574,
              -25.58238983
            ],
            [
              -54.17676163,
              -25.58141327
            ],
            [
              -54.17590713,
              -25.57951546
            ],
            [
              -54.17532349,
              -25.57638359
            ],
            [
              -54.17616653,
              -25.57404709
            ],
            [
              -54.17752457,
              -25.57237816
            ],
            [
              -54.17959976,
              -25.57047462
            ],
            [
              -54.18126297,
              -25.56927681
            ],
            [
              -54.18296051,
              -25.56915283
            ],
            [
              -54.18357468,
              -25.56850433
            ],
            [
              -54.1855278,
              -25.5681839
            ],
            [
              -54.1871376,
              -25.56760406
            ],
            [
              -54.18839645,
              -25.56708527
            ],
            [
              -54.189888,
              -25.56551361
            ],
            [
              -54.19405746,
              -25.56493759
            ],
            [
              -54.19627762,
              -25.56468773
            ],
            [
              -54.19760895,
              -25.56458473
            ],
            [
              -54.19920731,
              -25.56400871
            ],
            [
              -54.20284653,
              -25.56321335
            ],
            [
              -54.20682144,
              -25.56175041
            ],
            [
              -54.2087326,
              -25.56029892
            ],
            [
              -54.21126556,
              -25.55763817
            ],
            [
              -54.21218109,
              -25.55523872
            ],
            [
              -54.21265793,
              -25.55267906
            ],
            [
              -54.2124176,
              -25.55059814
            ],
            [
              -54.21215057,
              -25.5490284
            ],
            [
              -54.21183014,
              -25.54838943
            ],
            [
              -54.21194458,
              -25.54668617
            ],
            [
              -54.21176529,
              -25.54389763
            ],
            [
              -54.21107864,
              -25.54290581
            ],
            [
              -54.21006012,
              -25.5410614
            ],
            [
              -54.20799255,
              -25.53918838
            ],
            [
              -54.20556259,
              -25.5371685
            ],
            [
              -54.20305252,
              -25.5353775
            ],
            [
              -54.20008087,
              -25.53418541
            ],
            [
              -54.19824982,
              -25.53347969
            ],
            [
              -54.19621277,
              -25.53277397
            ],
            [
              -54.1918869,
              -25.5326767
            ],
            [
              -54.18950653,
              -25.5327301
            ],
            [
              -54.18868637,
              -25.53274727
            ],
            [
              -54.18643188,
              -25.53334999
            ],
            [
              -54.1834259,
              -25.53484344
            ],
            [
              -54.18126297,
              -25.53612328
            ],
            [
              -54.17882538,
              -25.53743553
            ],
            [
              -54.17722702,
              -25.53843117
            ],
            [
              -54.17579651,
              -25.53890419
            ],
            [
              -54.17292786,
              -25.53997421
            ],
            [
              -54.16988373,
              -25.54033661
            ],
            [
              -54.16730499,
              -25.54019356
            ],
            [
              -54.16524124,
              -25.53945351
            ],
            [
              -54.16286087,
              -25.53775406
            ],
            [
              -54.16137314,
              -25.53662491
            ],
            [
              -54.16074753,
              -25.53559685
            ],
            [
              -54.16019821,
              -25.53421593
            ],
            [
              -54.15937805,
              -25.53319359
            ],
            [
              -54.15843964,
              -25.53195381
            ],
            [
              -54.15782547,
              -25.53148651
            ],
            [
              -54.15661621,
              -25.53056526
            ],
            [
              -54.15567779,
              -25.52974701
            ],
            [
              -54.15438843,
              -25.52935982
            ],
            [
              -54.15353394,
              -25.52840805
            ],
            [
              -54.15314102,
              -25.52687836
            ],
            [
              -54.15247726,
              -25.52564239
            ],
            [
              -54.15142059,
              -25.52444076
            ],
            [
              -54.15032959,
              -25.52323532
            ],
            [
              -54.15036774,
              -25.52238655
            ],
            [
              -54.14982223,
              -25.52146721
            ],
            [
              -54.14888,
              -25.52072334
            ],
            [
              -54.14775085,
              -25.51959419
            ],
            [
              -54.14723968,
              -25.51888657
            ],
            [
              -54.14696884,
              -25.5182476
            ],
            [
              -54.14577103,
              -25.51697349
            ],
            [
              -54.14452362,
              -25.51576805
            ],
            [
              -54.14335251,
              -25.51498985
            ],
            [
              -54.14186859,
              -25.51343536
            ],
            [
              -54.14023209,
              -25.51247978
            ],
            [
              -54.13851166,
              -25.51120949
            ],
            [
              -54.13671493,
              -25.51029015
            ],
            [
              -54.13476562,
              -25.50908661
            ],
            [
              -54.13359451,
              -25.50791359
            ],
            [
              -54.13183594,
              -25.50649834
            ],
            [
              -54.13091278,
              -25.50539398
            ],
            [
              -54.13047028,
              -25.50501251
            ],
            [
              -54.12933731,
              -25.50388145
            ],
            [
              -54.12840652,
              -25.50306892
            ],
            [
              -54.12699509,
              -25.50161552
            ],
            [
              -54.12614059,
              -25.50080681
            ],
            [
              -54.12539673,
              -25.50027275
            ],
            [
              -54.12446213,
              -25.49991989
            ],
            [
              -54.12360001,
              -25.49942017
            ],
            [
              -54.12238312,
              -25.49902344
            ],
            [
              -54.12113571,
              -25.49877167
            ],
            [
              -54.120121,
              -25.49867058
            ],
            [
              -54.11883163,
              -25.49782181
            ],
            [
              -54.11762619,
              -25.4969368
            ],
            [
              -54.11614227,
              -25.49612427
            ],
            [
              -54.11504745,
              -25.49530983
            ],
            [
              -54.11478043,
              -25.49373054
            ],
            [
              -54.11379623,
              -25.49293518
            ],
            [
              -54.11291122,
              -25.49228096
            ],
            [
              -54.11102676,
              -25.49166489
            ],
            [
              -54.1093483,
              -25.49141884
            ],
            [
              -54.10810089,
              -25.49162865
            ],
            [
              -54.10674286,
              -25.49166298
            ],
            [
              -54.10599518,
              -25.49155807
            ],
            [
              -54.10513687,
              -25.49152946
            ],
            [
              -54.10381699,
              -25.49155998
            ],
            [
              -54.10276031,
              -25.49205971
            ],
            [
              -54.10111999,
              -25.49238014
            ],
            [
              -54.10002899,
              -25.49251938
            ],
            [
              -54.09897613,
              -25.49252319
            ],
            [
              -54.09676361,
              -25.49291038
            ],
            [
              -54.09566116,
              -25.49316215
            ],
            [
              -54.09473038,
              -25.49390602
            ],
            [
              -54.09368133,
              -25.49452209
            ],
            [
              -54.09210205,
              -25.49670601
            ],
            [
              -54.09104919,
              -25.49886322
            ],
            [
              -54.09050369,
              -25.50052834
            ],
            [
              -54.09031296,
              -25.50276375
            ],
            [
              -54.08988571,
              -25.50503159
            ],
            [
              -54.08992386,
              -25.50854111
            ],
            [
              -54.08995056,
              -25.50868988
            ],
            [
              -54.09102631,
              -25.51371002
            ],
            [
              -54.09119034,
              -25.51421738
            ],
            [
              -54.09157181,
              -25.51533699
            ],
            [
              -54.09284973,
              -25.51841736
            ],
            [
              -54.09483719,
              -25.52352905
            ],
            [
              -54.09558105,
              -25.52597046
            ],
            [
              -54.09745789,
              -25.5292263
            ],
            [
              -54.09941101,
              -25.53300857
            ],
            [
              -54.10097122,
              -25.53549194
            ],
            [
              -54.10268402,
              -25.53819466
            ],
            [
              -54.10315323,
              -25.53894043
            ],
            [
              -54.10499191,
              -25.54031944
            ],
            [
              -54.10639572,
              -25.54191208
            ],
            [
              -54.10823059,
              -25.54343414
            ],
            [
              -54.11076736,
              -25.54604912
            ],
            [
              -54.11248016,
              -25.54859924
            ],
            [
              -54.11342621,
              -25.55075836
            ],
            [
              -54.11372375,
              -25.55126381
            ],
            [
              -54.11579513,
              -25.55278778
            ],
            [
              -54.11645508,
              -25.55360413
            ],
            [
              -54.11715698,
              -25.55370903
            ],
            [
              -54.11821365,
              -25.55431175
            ],
            [
              -54.11903763,
              -25.55674934
            ],
            [
              -54.11958313,
              -25.56089973
            ],
            [
              -54.1202507,
              -25.56334114
            ],
            [
              -54.12068558,
              -25.56735039
            ],
            [
              -54.11997986,
              -25.5688076
            ],
            [
              -54.11943817,
              -25.57040024
            ],
            [
              -54.11904526,
              -25.57177734
            ],
            [
              -54.11834717,
              -25.57369232
            ],
            [
              -54.11764526,
              -25.57525444
            ],
            [
              -54.11701965,
              -25.57628059
            ],
            [
              -54.11593246,
              -25.57741547
            ],
            [
              -54.11500931,
              -25.57958984
            ],
            [
              -54.11415482,
              -25.5823555
            ],
            [
              -54.11286163,
              -25.58511543
            ],
            [
              -54.11228561,
              -25.58848
            ],
            [
              -54.11142349,
              -25.59062195
            ],
            [
              -54.1108818,
              -25.59274292
            ],
            [
              -54.11029816,
              -25.59578896
            ],
            [
              -54.1094017,
              -25.59781265
            ],
            [
              -54.10865784,
              -25.59947395
            ],
            [
              -54.10692215,
              -25.60232735
            ],
            [
              -54.1061058,
              -25.60353279
            ],
            [
              -54.10500336,
              -25.60502434
            ],
            [
              -54.10387802,
              -25.60661697
            ],
            [
              -54.10301971,
              -25.60838699
            ],
            [
              -54.10227966,
              -25.61001587
            ],
            [
              -54.10142517,
              -25.61189461
            ],
            [
              -54.10099029,
              -25.61302757
            ],
            [
              -54.09970856,
              -25.61462021
            ],
            [
              -54.0986557,
              -25.61572075
            ],
            [
              -54.09748459,
              -25.61597061
            ],
            [
              -54.09638977,
              -25.61575508
            ],
            [
              -54.09502411,
              -25.61483765
            ],
            [
              -54.09361267,
              -25.61197472
            ],
            [
              -54.09314346,
              -25.61005592
            ],
            [
              -54.09255981,
              -25.60803986
            ],
            [
              -54.09290695,
              -25.6067276
            ],
            [
              -54.09292602,
              -25.60535622
            ],
            [
              -54.093647,
              -25.60339928
            ],
            [
              -54.09409332,
              -25.60149574
            ],
            [
              -54.09446716,
              -25.60046196
            ],
            [
              -54.09517288,
              -25.59956551
            ],
            [
              -54.09573364,
              -25.59734154
            ],
            [
              -54.09564972,
              -25.59599686
            ],
            [
              -54.09563446,
              -25.59421349
            ],
            [
              -54.09493256,
              -25.59226608
            ],
            [
              -54.09457397,
              -25.58982658
            ],
            [
              -54.09461594,
              -25.58755684
            ],
            [
              -54.09473419,
              -25.58550453
            ],
            [
              -54.09453201,
              -25.58383942
            ],
            [
              -54.0939064,
              -25.58143234
            ],
            [
              -54.09230804,
              -25.57863235
            ],
            [
              -54.09175873,
              -25.57661438
            ],
            [
              -54.08996201,
              -25.57449341
            ],
            [
              -54.08875275,
              -25.57222366
            ],
            [
              -54.08785248,
              -25.57052422
            ],
            [
              -54.08687973,
              -25.56822586
            ],
            [
              -54.08640671,
              -25.56652641
            ],
            [
              -54.08650207,
              -25.56428719
            ],
            [
              -54.08653641,
              -25.56262398
            ],
            [
              -54.08563232,
              -25.56067848
            ],
            [
              -54.08438492,
              -25.55840683
            ],
            [
              -54.08333206,
              -25.55698967
            ],
            [
              -54.0821991,
              -25.55600166
            ],
            [
              -54.07966614,
              -25.55518722
            ],
            [
              -54.07794571,
              -25.55455399
            ],
            [
              -54.0766983,
              -25.55401993
            ],
            [
              -54.0756073,
              -25.55324554
            ],
            [
              -54.07435608,
              -25.55263901
            ],
            [
              -54.07260132,
              -25.55289078
            ],
            [
              -54.07072449,
              -25.55371094
            ],
            [
              -54.06932449,
              -25.55438232
            ],
            [
              -54.06552887,
              -25.55713654
            ],
            [
              -54.06209564,
              -25.55986214
            ],
            [
              -54.06077194,
              -25.56156349
            ],
            [
              -54.06039047,
              -25.56428528
            ],
            [
              -54.06085205,
              -25.56669617
            ],
            [
              -54.06022644,
              -25.5695343
            ],
            [
              -54.0597229,
              -25.57115936
            ],
            [
              -54.05929184,
              -25.57247353
            ],
            [
              -54.05543899,
              -25.57824135
            ],
            [
              -54.05176544,
              -25.581007
            ],
            [
              -54.04946899,
              -25.58178329
            ],
            [
              -54.04634094,
              -25.58193016
            ],
            [
              -54.04470444,
              -25.58114815
            ],
            [
              -54.04335022,
              -25.57975769
            ],
            [
              -54.04198837,
              -25.57859039
            ],
            [
              -54.04159164,
              -25.57735062
            ],
            [
              -54.0406189,
              -25.57572365
            ],
            [
              -54.03979492,
              -25.57434273
            ],
            [
              -54.03889847,
              -25.57320785
            ],
            [
              -54.03780365,
              -25.5721817
            ],
            [
              -54.0360527,
              -25.57154465
            ],
            [
              -54.03561783,
              -25.5706234
            ],
            [
              -54.03581619,
              -25.56913376
            ],
            [
              -54.03585052,
              -25.56747055
            ],
            [
              -54.03511047,
              -25.56602287
            ],
            [
              -54.03409576,
              -25.56456757
            ],
            [
              -54.03300476,
              -25.56339836
            ],
            [
              -54.03259659,
              -25.56280899
            ],
            [
              -54.03130341,
              -25.56239319
            ],
            [
              -54.0294075,
              -25.56202888
            ],
            [
              -54.02693558,
              -25.56165314
            ],
            [
              -54.02607346,
              -25.56119156
            ],
            [
              -54.0239296,
              -25.56105041
            ],
            [
              -54.02166367,
              -25.56112099
            ],
            [
              -54.01983643,
              -25.56101227
            ],
            [
              -54.01768494,
              -25.56126022
            ],
            [
              -54.01612472,
              -25.56158447
            ],
            [
              -54.01382828,
              -25.56249428
            ],
            [
              -54.01171493,
              -25.5635643
            ],
            [
              -54.00679398,
              -25.56740189
            ],
            [
              -54.00496292,
              -25.56966591
            ],
            [
              -54.00372314,
              -25.57092857
            ],
            [
              -54.00277328,
              -25.57338715
            ],
            [
              -54.00144958,
              -25.57522583
            ],
            [
              -54.00085449,
              -25.5760498
            ],
            [
              -53.99903488,
              -25.57762527
            ],
            [
              -53.99799347,
              -25.57888031
            ],
            [
              -53.9963417,
              -25.58006477
            ],
            [
              -53.9915657,
              -25.58250809
            ]
          ]
        ]
      },
      "properties": {
        "reach": "Andresito - Desembocadura",
        "river": "Iguazú",
        "condicion": "aguas altas",
        "percentil": 5,
        "color": "#6fa8dc",
        "tendencia": "baja",
        "level_m": 2.65,
        "level_condicion": null,
        "discharge_m3s": 3799.076,
        "discharge_condicion": "aguas altas",
        "fecha": "2026-09-21T03:00:00Z"
      }
    },
    {
      "type": "Feature",
      "geometry": {
        "type": "MultiLineString",
        "coordinates": [
          [
            [
              -54.6794977,
              -26.00991154
            ],
            [
              -54.67931383,
              -26.01289253
            ],
            [
              -54.67865303,
              -26.01507824
            ],
            [
              -54.67799224,
              -26.01726395
            ],
            [
              -54.67699352,
              -26.01992719
            ],
            [
              -54.6769248,
              -26.02011045
            ],
            [
              -54.67499325,
              -26.02382107
            ],
            [
              -54.67493653,
              -26.02393951
            ],
            [
              -54.6728419,
              -26.02608128
            ],
            [
              -54.67180089,
              -26.02703306
            ],
            [
              -54.67150346,
              -26.0277469
            ],
            [
              -54.67067064,
              -26.02923406
            ],
            [
              -54.67004604,
              -26.03048328
            ],
            [
              -54.66948091,
              -26.03217865
            ],
            [
              -54.66912399,
              -26.03351709
            ],
            [
              -54.66858862,
              -26.03550989
            ],
            [
              -54.66825822,
              -26.03680824
            ],
            [
              -54.66757201,
              -26.03790109
            ],
            [
              -54.66637298,
              -26.03986616
            ],
            [
              -54.66574211,
              -26.04090009
            ],
            [
              -54.66486524,
              -26.04262136
            ],
            [
              -54.6648064,
              -26.04273685
            ],
            [
              -54.66436969,
              -26.0435941
            ],
            [
              -54.66284478,
              -26.04567814
            ],
            [
              -54.66061181,
              -26.04926019
            ],
            [
              -54.65858417,
              -26.05094427
            ],
            [
              -54.6577466,
              -26.05218159
            ],
            [
              -54.65270214,
              -26.06099511
            ],
            [
              -54.6507605,
              -26.06438346
            ],
            [
              -54.64645844,
              -26.07475791
            ],
            [
              -54.64548762,
              -26.07970719
            ],
            [
              -54.64358024,
              -26.08682463
            ],
            [
              -54.64343748,
              -26.0882999
            ],
            [
              -54.64281882,
              -26.09234498
            ],
            [
              -54.64329471,
              -26.09453409
            ],
            [
              -54.64367542,
              -26.09767498
            ],
            [
              -54.6437706,
              -26.09972131
            ],
            [
              -54.64410372,
              -26.1024339
            ],
            [
              -54.64429408,
              -26.10428988
            ],
            [
              -54.64519828,
              -26.10690728
            ],
            [
              -54.64586453,
              -26.10871568
            ],
            [
              -54.64710184,
              -26.11157103
            ],
            [
              -54.64814881,
              -26.11352219
            ],
            [
              -54.65071863,
              -26.11771004
            ],
            [
              -54.65276496,
              -26.12027986
            ],
            [
              -54.65471612,
              -26.12261173
            ],
            [
              -54.65709558,
              -26.12489601
            ],
            [
              -54.6623304,
              -26.12955975
            ],
            [
              -54.66394843,
              -26.13117779
            ],
            [
              -54.66547128,
              -26.13393796
            ],
            [
              -54.6667086,
              -26.13612707
            ],
            [
              -54.66732726,
              -26.13674573
            ],
            [
              -54.66989708,
              -26.13841135
            ],
            [
              -54.67042056,
              -26.13874447
            ],
            [
              -54.67251449,
              -26.13936313
            ],
            [
              -54.67370422,
              -26.14064804
            ],
            [
              -54.67389458,
              -26.14136188
            ],
            [
              -54.67427529,
              -26.14407447
            ],
            [
              -54.67451324,
              -26.1452642
            ],
            [
              -54.6742277,
              -26.14754848
            ],
            [
              -54.67375181,
              -26.15035624
            ],
            [
              -54.67217542,
              -26.1567094
            ],
            [
              -54.67233883,
              -26.16058774
            ],
            [
              -54.67233346,
              -26.16059974
            ],
            [
              -54.67194342,
              -26.16146981
            ],
            [
              -54.6710919,
              -26.16294359
            ],
            [
              -54.67062183,
              -26.16375718
            ],
            [
              -54.6700607,
              -26.16460737
            ],
            [
              -54.67005545,
              -26.16461533
            ],
            [
              -54.66894443,
              -26.1662987
            ],
            [
              -54.66762284,
              -26.1679761
            ],
            [
              -54.66567622,
              -26.16963497
            ],
            [
              -54.66555376,
              -26.16973933
            ],
            [
              -54.66499139,
              -26.17025139
            ],
            [
              -54.66068876,
              -26.17501544
            ],
            [
              -54.66031286,
              -26.17547127
            ],
            [
              -54.65719764,
              -26.17763761
            ],
            [
              -54.6560335,
              -26.17844717
            ],
            [
              -54.65379697,
              -26.17997208
            ],
            [
              -54.65252621,
              -26.18053121
            ],
            [
              -54.65125545,
              -26.1813445
            ],
            [
              -54.64947638,
              -26.18220862
            ],
            [
              -54.64718901,
              -26.18337772
            ],
            [
              -54.6451558,
              -26.18444515
            ],
            [
              -54.64291926,
              -26.18576674
            ],
            [
              -54.6398186,
              -26.18749498
            ],
            [
              -54.63702297,
              -26.18929826
            ],
            [
              -54.63491254,
              -26.19038079
            ],
            [
              -54.63319863,
              -26.19182277
            ],
            [
              -54.63310469,
              -26.19192543
            ],
            [
              -54.63188251,
              -26.19326112
            ],
            [
              -54.63030099,
              -26.19410552
            ],
            [
              -54.62858729,
              -26.19554296
            ],
            [
              -54.6270087,
              -26.19710485
            ],
            [
              -54.62589075,
              -26.19839956
            ],
            [
              -54.6247728,
              -26.19969428
            ],
            [
              -54.62299374,
              -26.20198164
            ],
            [
              -54.621418,
              -26.20462483
            ],
            [
              -54.62019807,
              -26.20691219
            ],
            [
              -54.61923229,
              -26.21011451
            ],
            [
              -54.61903013,
              -26.21238879
            ],
            [
              -54.61902897,
              -26.21240188
            ],
            [
              -54.61938478,
              -26.21433343
            ],
            [
              -54.61963893,
              -26.21626499
            ],
            [
              -54.62080803,
              -26.2184507
            ],
            [
              -54.6225871,
              -26.22089056
            ],
            [
              -54.6242645,
              -26.22236464
            ],
            [
              -54.62568727,
              -26.22349304
            ],
            [
              -54.62573858,
              -26.22353374
            ],
            [
              -54.62782263,
              -26.22455034
            ],
            [
              -54.62970335,
              -26.22587193
            ],
            [
              -54.63188906,
              -26.22663439
            ],
            [
              -54.63473556,
              -26.22836262
            ],
            [
              -54.63961528,
              -26.2311583
            ],
            [
              -54.64342756,
              -26.233344
            ],
            [
              -54.64784981,
              -26.2356822
            ],
            [
              -54.65002035,
              -26.23710941
            ],
            [
              -54.65156043,
              -26.23812206
            ],
            [
              -54.65425444,
              -26.23979947
            ],
            [
              -54.65689762,
              -26.2415277
            ],
            [
              -54.65948997,
              -26.24290012
            ],
            [
              -54.66203149,
              -26.24457752
            ],
            [
              -54.66447135,
              -26.24666157
            ],
            [
              -54.66502463,
              -26.2470934
            ],
            [
              -54.6665554,
              -26.24828814
            ],
            [
              -54.66802948,
              -26.24925392
            ],
            [
              -54.67001187,
              -26.25077883
            ],
            [
              -54.67270588,
              -26.25210042
            ],
            [
              -54.67514574,
              -26.25403198
            ],
            [
              -54.67702646,
              -26.25631935
            ],
            [
              -54.6780061,
              -26.25751329
            ],
            [
              -54.6783127,
              -26.25788695
            ],
            [
              -54.67865303,
              -26.25830173
            ],
            [
              -54.6797713,
              -26.26043661
            ],
            [
              -54.68099123,
              -26.26297813
            ],
            [
              -54.68165203,
              -26.26562131
            ],
            [
              -54.68170286,
              -26.26775619
            ],
            [
              -54.68139788,
              -26.27014522
            ],
            [
              -54.68053376,
              -26.27294089
            ],
            [
              -54.6797713,
              -26.27471996
            ],
            [
              -54.67839888,
              -26.27614321
            ],
            [
              -54.67740956,
              -26.27699512
            ],
            [
              -54.67656899,
              -26.27771895
            ],
            [
              -54.67499325,
              -26.27888805
            ],
            [
              -54.67272599,
              -26.28007814
            ],
            [
              -54.67128263,
              -26.28071794
            ],
            [
              -54.66904459,
              -26.28197599
            ],
            [
              -54.66826212,
              -26.28241583
            ],
            [
              -54.66714521,
              -26.28304367
            ],
            [
              -54.66548796,
              -26.28483521
            ],
            [
              -54.66337124,
              -26.28650625
            ],
            [
              -54.66233154,
              -26.28792847
            ],
            [
              -54.66101729,
              -26.29008451
            ],
            [
              -54.65944623,
              -26.2928353
            ],
            [
              -54.65826046,
              -26.2940348
            ],
            [
              -54.65715163,
              -26.29522774
            ],
            [
              -54.65680988,
              -26.29559542
            ],
            [
              -54.65379697,
              -26.29617039
            ],
            [
              -54.65072933,
              -26.29741381
            ],
            [
              -54.64962887,
              -26.29891523
            ],
            [
              -54.64912057,
              -26.29983018
            ],
            [
              -54.6491714,
              -26.30160924
            ],
            [
              -54.6496797,
              -26.30333747
            ],
            [
              -54.64957804,
              -26.30623481
            ],
            [
              -54.64922223,
              -26.30882716
            ],
            [
              -54.64942555,
              -26.311572
            ],
            [
              -54.65056097,
              -26.31411534
            ],
            [
              -54.65056291,
              -26.31411968
            ],
            [
              -54.65069631,
              -26.3144185
            ],
            [
              -54.65222122,
              -26.31716334
            ],
            [
              -54.65415278,
              -26.31955237
            ],
            [
              -54.65649098,
              -26.32178891
            ],
            [
              -54.65857502,
              -26.32361881
            ],
            [
              -54.66050658,
              -26.32565202
            ],
            [
              -54.66274312,
              -26.32763441
            ],
            [
              -54.66477633,
              -26.32982012
            ],
            [
              -54.66558571,
              -26.33100889
            ],
            [
              -54.66615377,
              -26.33184323
            ],
            [
              -54.66640291,
              -26.33220915
            ],
            [
              -54.66828363,
              -26.3348015
            ],
            [
              -54.67052017,
              -26.33673305
            ],
            [
              -54.67260422,
              -26.33907125
            ],
            [
              -54.67402747,
              -26.34074865
            ],
            [
              -54.67464335,
              -26.34171646
            ],
            [
              -54.67545072,
              -26.34298519
            ],
            [
              -54.67763643,
              -26.34613668
            ],
            [
              -54.67956798,
              -26.3491865
            ],
            [
              -54.68059299,
              -26.35106567
            ],
            [
              -54.68170286,
              -26.35310044
            ],
            [
              -54.68419355,
              -26.35716687
            ],
            [
              -54.68617593,
              -26.35991172
            ],
            [
              -54.68831081,
              -26.36230075
            ],
            [
              -54.68968323,
              -26.36433396
            ],
            [
              -54.69115731,
              -26.36682465
            ],
            [
              -54.69324136,
              -26.36977282
            ],
            [
              -54.69725696,
              -26.37571997
            ],
            [
              -54.69796859,
              -26.37780402
            ],
            [
              -54.69857855,
              -26.37988807
            ],
            [
              -54.6989852,
              -26.38187045
            ],
            [
              -54.69878188,
              -26.38588605
            ],
            [
              -54.69854701,
              -26.38912722
            ],
            [
              -54.69852772,
              -26.38939335
            ],
            [
              -54.69786735,
              -26.39442871
            ],
            [
              -54.69771444,
              -26.39559466
            ],
            [
              -54.69740945,
              -26.3995086
            ],
            [
              -54.69756195,
              -26.40454081
            ],
            [
              -54.69776527,
              -26.4100305
            ],
            [
              -54.69786693,
              -26.41643513
            ],
            [
              -54.69847689,
              -26.42095903
            ],
            [
              -54.69883271,
              -26.4250763
            ],
            [
              -54.69954433,
              -26.42848193
            ],
            [
              -54.70020513,
              -26.43153176
            ],
            [
              -54.70147589,
              -26.43575068
            ],
            [
              -54.70269582,
              -26.438953
            ],
            [
              -54.70321566,
              -26.44020063
            ],
            [
              -54.70322453,
              -26.44022192
            ],
            [
              -54.70396658,
              -26.44200282
            ],
            [
              -54.70476113,
              -26.44356136
            ],
            [
              -54.70509782,
              -26.4442218
            ],
            [
              -54.70528817,
              -26.44459517
            ],
            [
              -54.70676225,
              -26.44728919
            ],
            [
              -54.70720505,
              -26.44789803
            ],
            [
              -54.70757554,
              -26.44840745
            ],
            [
              -54.70838882,
              -26.44952572
            ],
            [
              -54.71047287,
              -26.45176226
            ],
            [
              -54.71408183,
              -26.45552371
            ],
            [
              -54.71672501,
              -26.45796357
            ],
            [
              -54.72175722,
              -26.46253831
            ],
            [
              -54.7267386,
              -26.46665557
            ],
            [
              -54.72897514,
              -26.46848546
            ],
            [
              -54.7336007,
              -26.47209442
            ],
            [
              -54.73695551,
              -26.47478843
            ],
            [
              -54.74137776,
              -26.47885487
            ],
            [
              -54.74361429,
              -26.48129473
            ],
            [
              -54.74544419,
              -26.48312462
            ],
            [
              -54.74742657,
              -26.48566614
            ],
            [
              -54.74903175,
              -26.48746241
            ],
            [
              -54.74956145,
              -26.48805517
            ],
            [
              -54.75200131,
              -26.4909525
            ],
            [
              -54.75454283,
              -26.49283323
            ],
            [
              -54.75774515,
              -26.49506977
            ],
            [
              -54.75917398,
              -26.49587248
            ],
            [
              -54.76226905,
              -26.49761129
            ],
            [
              -54.76623382,
              -26.49969533
            ],
            [
              -54.76948697,
              -26.50142357
            ],
            [
              -54.77294344,
              -26.50284682
            ],
            [
              -54.77528164,
              -26.50421924
            ],
            [
              -54.77817897,
              -26.50660827
            ],
            [
              -54.78080185,
              -26.50887435
            ],
            [
              -54.78321118,
              -26.51057304
            ],
            [
              -54.78737927,
              -26.51494446
            ],
            [
              -54.78910751,
              -26.51672352
            ],
            [
              -54.79154737,
              -26.51946836
            ],
            [
              -54.79347892,
              -26.52190822
            ],
            [
              -54.79546131,
              -26.52465306
            ],
            [
              -54.79718954,
              -26.52719458
            ],
            [
              -54.79881612,
              -26.53019358
            ],
            [
              -54.80023937,
              -26.53263344
            ],
            [
              -54.80161179,
              -26.53522579
            ],
            [
              -54.80257757,
              -26.53766565
            ],
            [
              -54.803645,
              -26.54086796
            ],
            [
              -54.80461078,
              -26.54407028
            ],
            [
              -54.80577988,
              -26.5471201
            ],
            [
              -54.806644,
              -26.54950913
            ],
            [
              -54.8071523,
              -26.55133903
            ],
            [
              -54.80806725,
              -26.55342307
            ],
            [
              -54.80867721,
              -26.55601542
            ],
            [
              -54.80872804,
              -26.55855694
            ],
            [
              -54.80872804,
              -26.56069182
            ],
            [
              -54.80816891,
              -26.56262338
            ],
            [
              -54.80725396,
              -26.56455493
            ],
            [
              -54.80618652,
              -26.56577486
            ],
            [
              -54.80529592,
              -26.56700801
            ],
            [
              -54.80522681,
              -26.5671037
            ],
            [
              -54.80354334,
              -26.56943465
            ],
            [
              -54.80074767,
              -26.57228115
            ],
            [
              -54.79891778,
              -26.57406022
            ],
            [
              -54.79703705,
              -26.57655091
            ],
            [
              -54.79596961,
              -26.57924492
            ],
            [
              -54.79576629,
              -26.58066817
            ],
            [
              -54.79499722,
              -26.58332928
            ],
            [
              -54.79337726,
              -26.58620869
            ],
            [
              -54.79184687,
              -26.58871677
            ],
            [
              -54.78986996,
              -26.59139339
            ],
            [
              -54.78829422,
              -26.59398574
            ],
            [
              -54.78717595,
              -26.59698473
            ],
            [
              -54.78609419,
              -26.59979823
            ],
            [
              -54.78542847,
              -26.60152965
            ],
            [
              -54.78452852,
              -26.60478476
            ],
            [
              -54.78438028,
              -26.60532092
            ],
            [
              -54.78442467,
              -26.61049046
            ],
            [
              -54.78430858,
              -26.61251986
            ],
            [
              -54.78418876,
              -26.61467014
            ],
            [
              -54.78447405,
              -26.61729246
            ],
            [
              -54.7844853,
              -26.61956248
            ],
            [
              -54.78503168,
              -26.62146895
            ],
            [
              -54.78477789,
              -26.62326162
            ],
            [
              -54.78546105,
              -26.62576357
            ],
            [
              -54.78613697,
              -26.62767309
            ],
            [
              -54.78748471,
              -26.63064873
            ],
            [
              -54.78856624,
              -26.63351022
            ],
            [
              -54.78927884,
              -26.63429871
            ],
            [
              -54.79591878,
              -26.64161383
            ],
            [
              -54.79737765,
              -26.64368866
            ],
            [
              -54.79820615,
              -26.64486697
            ],
            [
              -54.80100182,
              -26.64847593
            ],
            [
              -54.80229525,
              -26.65097715
            ],
            [
              -54.80317683,
              -26.65193142
            ],
            [
              -54.80452283,
              -26.6543149
            ],
            [
              -54.80573391,
              -26.65621512
            ],
            [
              -54.80693973,
              -26.65811952
            ],
            [
              -54.80713895,
              -26.65868763
            ],
            [
              -54.81050711,
              -26.66423336
            ],
            [
              -54.8124214,
              -26.66784223
            ],
            [
              -54.813397,
              -26.66870687
            ],
            [
              -54.8151331,
              -26.6702518
            ],
            [
              -54.81686879,
              -26.67131678
            ],
            [
              -54.81900417,
              -26.67237802
            ],
            [
              -54.82086857,
              -26.67332035
            ],
            [
              -54.82366241,
              -26.67390389
            ],
            [
              -54.82619053,
              -26.67436434
            ],
            [
              -54.82991367,
              -26.67410455
            ],
            [
              -54.83150677,
              -26.67409812
            ],
            [
              -54.83296608,
              -26.67372958
            ],
            [
              -54.83468727,
              -26.67312053
            ],
            [
              -54.83667572,
              -26.6719169
            ],
            [
              -54.83865786,
              -26.67059178
            ],
            [
              -54.8397461,
              -26.66935257
            ],
            [
              -54.84032027,
              -26.6687329
            ],
            [
              -54.84547843,
              -26.66316592
            ],
            [
              -54.84934154,
              -26.66001444
            ],
            [
              -54.855797,
              -26.65630382
            ],
            [
              -54.85859267,
              -26.65564302
            ],
            [
              -54.86245578,
              -26.65508389
            ],
            [
              -54.86819962,
              -26.65518555
            ],
            [
              -54.87389263,
              -26.65533804
            ],
            [
              -54.88029726,
              -26.65599883
            ],
            [
              -54.88461784,
              -26.65701544
            ],
            [
              -54.8882268,
              -26.65803205
            ],
            [
              -54.89539389,
              -26.66047191
            ],
            [
              -54.89839288,
              -26.66153935
            ],
            [
              -54.90459419,
              -26.66321675
            ],
            [
              -54.91033803,
              -26.66499582
            ],
            [
              -54.91694598,
              -26.66738484
            ],
            [
              -54.9194875,
              -26.66824896
            ],
            [
              -54.92162238,
              -26.6693164
            ],
            [
              -54.92695957,
              -26.67231539
            ],
            [
              -54.93209344,
              -26.67551771
            ],
            [
              -54.93753229,
              -26.67897418
            ],
            [
              -54.94215786,
              -26.68237981
            ],
            [
              -54.94403859,
              -26.68512466
            ],
            [
              -54.94536018,
              -26.68781867
            ],
            [
              -54.94652928,
              -26.69025853
            ],
            [
              -54.94774921,
              -26.69290171
            ],
            [
              -54.94830834,
              -26.69584987
            ],
            [
              -54.94876581,
              -26.69956049
            ],
            [
              -54.94912163,
              -26.70428772
            ],
            [
              -54.94876581,
              -26.70947242
            ],
            [
              -54.94871498,
              -26.71175979
            ],
            [
              -54.94805419,
              -26.71465712
            ],
            [
              -54.94729173,
              -26.71791027
            ],
            [
              -54.94601162,
              -26.72200589
            ],
            [
              -54.94541332,
              -26.72460092
            ],
            [
              -54.94466253,
              -26.72997716
            ],
            [
              -54.94417627,
              -26.73535506
            ],
            [
              -54.94417989,
              -26.73580748
            ],
            [
              -54.94423147,
              -26.74225486
            ],
            [
              -54.94424191,
              -26.7527291
            ],
            [
              -54.94586561,
              -26.75822731
            ],
            [
              -54.94596631,
              -26.75886125
            ],
            [
              -54.94638012,
              -26.76112796
            ],
            [
              -54.94706585,
              -26.76315452
            ],
            [
              -54.94774522,
              -26.76505959
            ],
            [
              -54.94829317,
              -26.76684499
            ],
            [
              -54.9486999,
              -26.76815577
            ],
            [
              -54.9493829,
              -26.76993992
            ],
            [
              -54.95005752,
              -26.77149033
            ],
            [
              -54.95086626,
              -26.77255941
            ],
            [
              -54.95140667,
              -26.77374773
            ],
            [
              -54.9523545,
              -26.77553357
            ],
            [
              -54.95369752,
              -26.77731509
            ],
            [
              -54.95504679,
              -26.77957249
            ],
            [
              -54.95625982,
              -26.78135554
            ],
            [
              -54.9617784,
              -26.78551471
            ],
            [
              -54.96615891,
              -26.78809404
            ],
            [
              -54.96883037,
              -26.78891051
            ],
            [
              -54.97082843,
              -26.78949559
            ],
            [
              -54.97269361,
              -26.78983979
            ],
            [
              -54.97596008,
              -26.78988612
            ],
            [
              -54.98346674,
              -26.78940867
            ],
            [
              -54.98638949,
              -26.78914895
            ],
            [
              -54.98878194,
              -26.78889487
            ],
            [
              -54.99077934,
              -26.78878425
            ],
            [
              -54.99130623,
              -26.78875592
            ],
            [
              -54.99396738,
              -26.78837795
            ],
            [
              -54.99608971,
              -26.78812631
            ],
            [
              -54.99888558,
              -26.78810586
            ],
            [
              -55.00194629,
              -26.78808694
            ],
            [
              -55.00447205,
              -26.78806896
            ],
            [
              -55.0073966,
              -26.78792553
            ],
            [
              -55.01032551,
              -26.78814569
            ],
            [
              -55.01352138,
              -26.78847965
            ],
            [
              -55.01631383,
              -26.78857978
            ],
            [
              -55.01857775,
              -26.78880242
            ],
            [
              -55.02177194,
              -26.78901945
            ],
            [
              -55.02417276,
              -26.78935744
            ],
            [
              -55.02670338,
              -26.78969827
            ],
            [
              -55.02923558,
              -26.79051472
            ],
            [
              -55.03163299,
              -26.79097354
            ],
            [
              -55.03416846,
              -26.79167344
            ],
            [
              -55.03527065,
              -26.79207174
            ],
            [
              -55.04092134,
              -26.79324093
            ],
            [
              -55.04498777,
              -26.79441003
            ],
            [
              -55.05169739,
              -26.79659574
            ],
            [
              -55.05754288,
              -26.79898477
            ],
            [
              -55.06037213,
              -26.8013803
            ],
            [
              -55.06113685,
              -26.80186167
            ],
            [
              -55.06367955,
              -26.80375052
            ],
            [
              -55.06542682,
              -26.80528938
            ],
            [
              -55.06743739,
              -26.80706741
            ],
            [
              -55.06918645,
              -26.80908195
            ],
            [
              -55.07146725,
              -26.81121619
            ],
            [
              -55.07281608,
              -26.81323506
            ],
            [
              -55.07497225,
              -26.81608015
            ],
            [
              -55.07631948,
              -26.8176233
            ],
            [
              -55.07793189,
              -26.8195224
            ],
            [
              -55.07839309,
              -26.82038281
            ],
            [
              -55.08295809,
              -26.82587405
            ],
            [
              -55.084483,
              -26.82765312
            ],
            [
              -55.08656705,
              -26.8302963
            ],
            [
              -55.08868021,
              -26.83306093
            ],
            [
              -55.08924087,
              -26.83352149
            ],
            [
              -55.09313404,
              -26.83671545
            ],
            [
              -55.09594161,
              -26.83812526
            ],
            [
              -55.09896222,
              -26.83978032
            ],
            [
              -55.10568907,
              -26.84151342
            ],
            [
              -55.10943315,
              -26.84299303
            ],
            [
              -55.1128972,
              -26.84478296
            ],
            [
              -55.11447294,
              -26.8453421
            ],
            [
              -55.116252,
              -26.84630787
            ],
            [
              -55.11843771,
              -26.84757864
            ],
            [
              -55.12146325,
              -26.84886177
            ],
            [
              -55.12294103,
              -26.84985396
            ],
            [
              -55.1262867,
              -26.85173766
            ],
            [
              -55.12976269,
              -26.85361963
            ],
            [
              -55.13406033,
              -26.85728413
            ],
            [
              -55.13578828,
              -26.85905415
            ],
            [
              -55.1394815,
              -26.86369187
            ],
            [
              -55.14156555,
              -26.86633506
            ],
            [
              -55.14268381,
              -26.86852076
            ],
            [
              -55.14385291,
              -26.87085896
            ],
            [
              -55.14521299,
              -26.87328826
            ],
            [
              -55.14554632,
              -26.8745033
            ],
            [
              -55.14718656,
              -26.87854847
            ],
            [
              -55.1478818,
              -26.8816478
            ],
            [
              -55.14871069,
              -26.88462446
            ],
            [
              -55.14940438,
              -26.88760254
            ],
            [
              -55.15009615,
              -26.89010485
            ],
            [
              -55.15025731,
              -26.8926089
            ],
            [
              -55.15028989,
              -26.8959539
            ],
            [
              -55.1495197,
              -26.8988232
            ],
            [
              -55.14928511,
              -26.89933311
            ],
            [
              -55.14791935,
              -26.90394956
            ],
            [
              -55.14578447,
              -26.90888011
            ],
            [
              -55.14428346,
              -26.91157541
            ],
            [
              -55.14315142,
              -26.91451396
            ],
            [
              -55.1423667,
              -26.91658411
            ],
            [
              -55.13963399,
              -26.92133355
            ],
            [
              -55.13815991,
              -26.92402757
            ],
            [
              -55.13658417,
              -26.92646743
            ],
            [
              -55.1348051,
              -26.92855147
            ],
            [
              -55.13272105,
              -26.93109299
            ],
            [
              -55.13119614,
              -26.93348202
            ],
            [
              -55.13070669,
              -26.93794934
            ],
            [
              -55.13007787,
              -26.93866672
            ],
            [
              -55.13104365,
              -26.94166572
            ],
            [
              -55.13206026,
              -26.94451222
            ],
            [
              -55.13404265,
              -26.94766371
            ],
            [
              -55.13775327,
              -26.95122183
            ],
            [
              -55.1389346,
              -26.95193387
            ],
            [
              -55.14146388,
              -26.95345837
            ],
            [
              -55.14405624,
              -26.95437332
            ],
            [
              -55.14791935,
              -26.9553391
            ],
            [
              -55.14843044,
              -26.9554689
            ],
            [
              -55.15112166,
              -26.95615238
            ],
            [
              -55.15478145,
              -26.95640654
            ],
            [
              -55.15905121,
              -26.95727065
            ],
            [
              -55.16174522,
              -26.95772813
            ],
            [
              -55.1660658,
              -26.95884639
            ],
            [
              -55.16987808,
              -26.95981217
            ],
            [
              -55.17231794,
              -26.96093044
            ],
            [
              -55.1759269,
              -26.96225203
            ],
            [
              -55.1799425,
              -26.96413276
            ],
            [
              -55.18260588,
              -26.9650868
            ],
            [
              -55.18334814,
              -26.96535269
            ],
            [
              -55.18807537,
              -26.96708092
            ],
            [
              -55.19366671,
              -26.96885998
            ],
            [
              -55.19895307,
              -26.96997825
            ],
            [
              -55.20106898,
              -26.96992665
            ],
            [
              -55.20312117,
              -26.96987659
            ],
            [
              -55.20846075,
              -26.96836421
            ],
            [
              -55.21232147,
              -26.96626763
            ],
            [
              -55.21532047,
              -26.96418359
            ],
            [
              -55.22053239,
              -26.95949775
            ],
            [
              -55.22113802,
              -26.95885179
            ],
            [
              -55.22422522,
              -26.9559219
            ],
            [
              -55.22813782,
              -26.95242282
            ],
            [
              -55.23182618,
              -26.94875858
            ],
            [
              -55.23238102,
              -26.9480897
            ],
            [
              -55.2384483,
              -26.94354644
            ],
            [
              -55.24424297,
              -26.94008997
            ],
            [
              -55.24757728,
              -26.93889915
            ],
            [
              -55.24780109,
              -26.93881921
            ],
            [
              -55.25222334,
              -26.93800593
            ],
            [
              -55.25491735,
              -26.93759928
            ],
            [
              -55.25705223,
              -26.93770095
            ],
            [
              -55.26010205,
              -26.93790427
            ],
            [
              -55.26457513,
              -26.93866672
            ],
            [
              -55.26925153,
              -26.94034413
            ],
            [
              -55.27367377,
              -26.942479
            ],
            [
              -55.2760628,
              -26.94410558
            ],
            [
              -55.27794353,
              -26.94557966
            ],
            [
              -55.28333155,
              -26.95010356
            ],
            [
              -55.28927871,
              -26.95457664
            ],
            [
              -55.29405676,
              -26.95813477
            ],
            [
              -55.29771655,
              -26.96037131
            ],
            [
              -55.30041057,
              -26.96194705
            ],
            [
              -55.30340956,
              -26.96301449
            ],
            [
              -55.30666271,
              -26.9638786
            ],
            [
              -55.30981419,
              -26.96438691
            ],
            [
              -55.31283481,
              -26.96421123
            ],
            [
              -55.31914418,
              -26.96384427
            ],
            [
              -55.32460584,
              -26.9638786
            ],
            [
              -55.32943473,
              -26.96357362
            ],
            [
              -55.3328912,
              -26.96342113
            ],
            [
              -55.33700846,
              -26.96382777
            ],
            [
              -55.34112572,
              -26.96428525
            ],
            [
              -55.34595461,
              -26.96489521
            ],
            [
              -55.35180011,
              -26.96484438
            ],
            [
              -55.35911968,
              -26.96469189
            ],
            [
              -55.36388997,
              -26.96430031
            ],
            [
              -55.36708825,
              -26.96426802
            ],
            [
              -55.3691569,
              -26.96437135
            ],
            [
              -55.37253891,
              -26.96530186
            ],
            [
              -55.37574123,
              -26.96616597
            ],
            [
              -55.37924853,
              -26.96779255
            ],
            [
              -55.38168839,
              -26.96896165
            ],
            [
              -55.38458572,
              -26.97053739
            ],
            [
              -55.38702558,
              -26.97211313
            ],
            [
              -55.38971959,
              -26.97424801
            ],
            [
              -55.39282024,
              -26.97684036
            ],
            [
              -55.39531093,
              -26.97877191
            ],
            [
              -55.39886906,
              -26.9807543
            ],
            [
              -55.40191889,
              -26.98263502
            ],
            [
              -55.40501954,
              -26.98461741
            ],
            [
              -55.40878099,
              -26.98644731
            ],
            [
              -55.41442317,
              -26.99005626
            ],
            [
              -55.41798558,
              -26.99200551
            ],
            [
              -55.41981119,
              -26.99300443
            ],
            [
              -55.42265769,
              -26.99585093
            ],
            [
              -55.42621582,
              -26.99920574
            ],
            [
              -55.42671058,
              -27
            ],
            [
              -55.42823897,
              -27.00245357
            ],
            [
              -55.43909714,
              -27.01415493
            ],
            [
              -55.44574041,
              -27.02537785
            ],
            [
              -55.44911785,
              -27.03478583
            ],
            [
              -55.45276731,
              -27.04321184
            ],
            [
              -55.45372044,
              -27.04556782
            ],
            [
              -55.45469003,
              -27.05211858
            ],
            [
              -55.45522445,
              -27.05446027
            ],
            [
              -55.45604511,
              -27.05879723
            ],
            [
              -55.4559855,
              -27.06403992
            ],
            [
              -55.45593636,
              -27.06873322
            ],
            [
              -55.45537553,
              -27.07468042
            ],
            [
              -55.45496889,
              -27.07725583
            ],
            [
              -55.45380414,
              -27.07990145
            ],
            [
              -55.4526543,
              -27.08396434
            ],
            [
              -55.45237644,
              -27.08535566
            ],
            [
              -55.45154968,
              -27.08765794
            ],
            [
              -55.45004366,
              -27.09198449
            ],
            [
              -55.44965471,
              -27.09567162
            ],
            [
              -55.44948629,
              -27.0972682
            ],
            [
              -55.44980113,
              -27.09949413
            ],
            [
              -55.45112272,
              -27.10208648
            ],
            [
              -55.45305428,
              -27.10406887
            ],
            [
              -55.45554497,
              -27.10625457
            ],
            [
              -55.45905226,
              -27.10844028
            ],
            [
              -55.46220375,
              -27.10955855
            ],
            [
              -55.46601603,
              -27.11082931
            ],
            [
              -55.46891336,
              -27.1116426
            ],
            [
              -55.4729798,
              -27.11159177
            ],
            [
              -55.4769954,
              -27.11179509
            ],
            [
              -55.481011,
              -27.11154094
            ],
            [
              -55.48543324,
              -27.11067682
            ],
            [
              -55.49219369,
              -27.10935523
            ],
            [
              -55.49737839,
              -27.10833862
            ],
            [
              -55.5,
              -27.10771328
            ],
            [
              -55.5029189,
              -27.10701703
            ],
            [
              -55.50973018,
              -27.10523796
            ],
            [
              -55.5151182,
              -27.10381471
            ],
            [
              -55.52130518,
              -27.10220555
            ],
            [
              -55.52645338,
              -27.10086655
            ],
            [
              -55.53687362,
              -27.09974828
            ],
            [
              -55.54556562,
              -27.09868084
            ],
            [
              -55.54907291,
              -27.09817254
            ],
            [
              -55.55212274,
              -27.09807088
            ],
            [
              -55.55481675,
              -27.09832503
            ],
            [
              -55.55710412,
              -27.09888416
            ],
            [
              -55.55944232,
              -27.09984994
            ],
            [
              -55.56132304,
              -27.10132402
            ],
            [
              -55.56279712,
              -27.10274728
            ],
            [
              -55.56386456,
              -27.10498381
            ],
            [
              -55.56467785,
              -27.10742367
            ],
            [
              -55.56518615,
              -27.11052433
            ],
            [
              -55.5654403,
              -27.11398079
            ],
            [
              -55.56528781,
              -27.11819972
            ],
            [
              -55.56532771,
              -27.12228844
            ],
            [
              -55.56316484,
              -27.13503755
            ],
            [
              -55.5605904,
              -27.14287487
            ],
            [
              -55.55893401,
              -27.14646142
            ],
            [
              -55.55832405,
              -27.1497654
            ],
            [
              -55.55862903,
              -27.15383183
            ],
            [
              -55.55888318,
              -27.15581422
            ],
            [
              -55.5597473,
              -27.15825408
            ],
            [
              -55.56111972,
              -27.16094809
            ],
            [
              -55.56330543,
              -27.16287965
            ],
            [
              -55.56645691,
              -27.16542117
            ],
            [
              -55.56925258,
              -27.16689525
            ],
            [
              -55.57214992,
              -27.16811518
            ],
            [
              -55.5747931,
              -27.16877597
            ],
            [
              -55.5771313,
              -27.16857265
            ],
            [
              -55.57957116,
              -27.16816601
            ],
            [
              -55.58170603,
              -27.16709857
            ],
            [
              -55.58419429,
              -27.1649613
            ],
            [
              -55.58638243,
              -27.16303214
            ],
            [
              -55.58922893,
              -27.16110058
            ],
            [
              -55.59253291,
              -27.15982982
            ],
            [
              -55.59710765,
              -27.15921986
            ],
            [
              -55.60122491,
              -27.15942318
            ],
            [
              -55.60498636,
              -27.16008397
            ],
            [
              -55.6077312,
              -27.1613039
            ],
            [
              -55.61047604,
              -27.16343878
            ],
            [
              -55.61139099,
              -27.16435373
            ],
            [
              -55.61286507,
              -27.16582781
            ],
            [
              -55.61438999,
              -27.16857265
            ],
            [
              -55.61535576,
              -27.17101251
            ],
            [
              -55.61627201,
              -27.17477333
            ],
            [
              -55.61688068,
              -27.17792545
            ],
            [
              -55.61799894,
              -27.18260184
            ],
            [
              -55.6187614,
              -27.18717658
            ],
            [
              -55.61886306,
              -27.19058222
            ],
            [
              -55.61835476,
              -27.19342872
            ],
            [
              -55.61794811,
              -27.19500446
            ],
            [
              -55.61743981,
              -27.19734266
            ],
            [
              -55.61611822,
              -27.20054498
            ],
            [
              -55.61489829,
              -27.20405227
            ],
            [
              -55.61362753,
              -27.20806788
            ],
            [
              -55.61242713,
              -27.21126762
            ],
            [
              -55.61159431,
              -27.21299843
            ],
            [
              -55.60981525,
              -27.21498081
            ],
            [
              -55.60757871,
              -27.21660739
            ],
            [
              -55.60524051,
              -27.21772565
            ],
            [
              -55.60285148,
              -27.21874226
            ],
            [
              -55.60025913,
              -27.220318
            ],
            [
              -55.59720931,
              -27.22240205
            ],
            [
              -55.5909455,
              -27.22674233
            ],
            [
              -55.58955253,
              -27.22793104
            ],
            [
              -55.58436011,
              -27.23275194
            ],
            [
              -55.57992697,
              -27.23638041
            ],
            [
              -55.5776396,
              -27.23983688
            ],
            [
              -55.57652133,
              -27.24192093
            ],
            [
              -55.57545389,
              -27.24481826
            ],
            [
              -55.57469144,
              -27.24746144
            ],
            [
              -55.57408147,
              -27.25025711
            ],
            [
              -55.573624,
              -27.25325611
            ],
            [
              -55.57321736,
              -27.25595012
            ],
            [
              -55.5729632,
              -27.25757669
            ],
            [
              -55.5726786,
              -27.2595689
            ],
            [
              -55.57260739,
              -27.26006738
            ],
            [
              -55.57214992,
              -27.26387966
            ],
            [
              -55.5731157,
              -27.26906436
            ],
            [
              -55.57438646,
              -27.27094509
            ],
            [
              -55.57611469,
              -27.27297831
            ],
            [
              -55.57855455,
              -27.27445239
            ],
            [
              -55.58124856,
              -27.2753165
            ],
            [
              -55.58363759,
              -27.27572315
            ],
            [
              -55.58577247,
              -27.27557066
            ],
            [
              -55.58780568,
              -27.27516401
            ],
            [
              -55.58973724,
              -27.27475737
            ],
            [
              -55.59197378,
              -27.2748082
            ],
            [
              -55.59354952,
              -27.27516401
            ],
            [
              -55.59507443,
              -27.27592647
            ],
            [
              -55.59692512,
              -27.27710891
            ],
            [
              -55.59837841,
              -27.27862048
            ],
            [
              -55.59990332,
              -27.27989124
            ],
            [
              -55.60158072,
              -27.28253442
            ],
            [
              -55.60239401,
              -27.28461847
            ],
            [
              -55.60259733,
              -27.28715999
            ],
            [
              -55.60249567,
              -27.28980317
            ],
            [
              -55.60229235,
              -27.29203971
            ],
            [
              -55.60122491,
              -27.29417459
            ],
            [
              -55.59990332,
              -27.29671611
            ],
            [
              -55.59812426,
              -27.29890181
            ],
            [
              -55.59602629,
              -27.30169706
            ],
            [
              -55.59405782,
              -27.30403568
            ],
            [
              -55.591008,
              -27.30794963
            ],
            [
              -55.58836482,
              -27.31201606
            ],
            [
              -55.58760482,
              -27.3133732
            ],
            [
              -55.58694157,
              -27.31455758
            ],
            [
              -55.58617911,
              -27.31648913
            ],
            [
              -55.58628077,
              -27.31933564
            ],
            [
              -55.58648409,
              -27.32192799
            ],
            [
              -55.58724655,
              -27.32558778
            ],
            [
              -55.58775485,
              -27.32706186
            ],
            [
              -55.58963558,
              -27.33168743
            ],
            [
              -55.59105883,
              -27.33417812
            ],
            [
              -55.59309205,
              -27.33677047
            ],
            [
              -55.59614187,
              -27.3391595
            ],
            [
              -55.59944585,
              -27.34078607
            ],
            [
              -55.60274982,
              -27.34241264
            ],
            [
              -55.60513885,
              -27.34373423
            ],
            [
              -55.60778203,
              -27.34500499
            ],
            [
              -55.61078103,
              -27.34688572
            ],
            [
              -55.61362753,
              -27.34856312
            ],
            [
              -55.61693151,
              -27.35013886
            ],
            [
              -55.6199305,
              -27.3523754
            ],
            [
              -55.62404776,
              -27.3547136
            ],
            [
              -55.6307603,
              -27.35738708
            ],
            [
              -55.63629789,
              -27.36076242
            ],
            [
              -55.63853443,
              -27.36218567
            ],
            [
              -55.64061848,
              -27.36294813
            ],
            [
              -55.64411084,
              -27.36377325
            ],
            [
              -55.64832815,
              -27.36555614
            ],
            [
              -55.65688421,
              -27.36940359
            ],
            [
              -55.66125562,
              -27.37021687
            ],
            [
              -55.66501707,
              -27.37057269
            ],
            [
              -55.66821939,
              -27.37133514
            ],
            [
              -55.66979513,
              -27.37184345
            ],
            [
              -55.67243831,
              -27.3726059
            ],
            [
              -55.67467485,
              -27.37316504
            ],
            [
              -55.67701305,
              -27.37479161
            ],
            [
              -55.67914792,
              -27.37575739
            ],
            [
              -55.68102865,
              -27.37697732
            ],
            [
              -55.68331602,
              -27.37875638
            ],
            [
              -55.68545089,
              -27.38104375
            ],
            [
              -55.68789075,
              -27.38317863
            ],
            [
              -55.69022895,
              -27.38617762
            ],
            [
              -55.69261798,
              -27.38876997
            ],
            [
              -55.69454954,
              -27.39161647
            ],
            [
              -55.69668441,
              -27.39486962
            ],
            [
              -55.6981585,
              -27.39685201
            ],
            [
              -55.70014088,
              -27.39893605
            ],
            [
              -55.70207244,
              -27.40091844
            ],
            [
              -55.70456313,
              -27.4026975
            ],
            [
              -55.70827375,
              -27.40549318
            ],
            [
              -55.7102053,
              -27.40752639
            ],
            [
              -55.71193354,
              -27.40976293
            ],
            [
              -55.71335679,
              -27.41301608
            ],
            [
              -55.71472921,
              -27.41728583
            ],
            [
              -55.71533917,
              -27.42048815
            ],
            [
              -55.71564345,
              -27.42118189
            ],
            [
              -55.71660993,
              -27.42338548
            ],
            [
              -55.71843983,
              -27.42707068
            ],
            [
              -55.72026972,
              -27.43075589
            ],
            [
              -55.72276041,
              -27.43456817
            ],
            [
              -55.72596273,
              -27.43802464
            ],
            [
              -55.72947003,
              -27.44087114
            ],
            [
              -55.732774,
              -27.44310768
            ],
            [
              -55.73684043,
              -27.44514089
            ],
            [
              -55.74034773,
              -27.44554754
            ],
            [
              -55.7432959,
              -27.44595418
            ],
            [
              -55.74756565,
              -27.44559837
            ],
            [
              -55.75,
              -27.44537955
            ],
            [
              -55.75208956,
              -27.44519172
            ],
            [
              -55.76127192,
              -27.44431009
            ],
            [
              -55.76535629,
              -27.4444801
            ],
            [
              -55.76932106,
              -27.44458176
            ],
            [
              -55.7733875,
              -27.44427678
            ],
            [
              -55.77735227,
              -27.44361598
            ],
            [
              -55.78009711,
              -27.44280269
            ],
            [
              -55.78436686,
              -27.44163359
            ],
            [
              -55.78711171,
              -27.44021034
            ],
            [
              -55.78922265,
              -27.43838824
            ],
            [
              -55.78959358,
              -27.43825437
            ],
            [
              -55.79291031,
              -27.43563025
            ],
            [
              -55.79316052,
              -27.43543228
            ],
            [
              -55.79549872,
              -27.43334824
            ],
            [
              -55.79844689,
              -27.42989177
            ],
            [
              -55.80068342,
              -27.42699444
            ],
            [
              -55.80378408,
              -27.42262302
            ],
            [
              -55.8063256,
              -27.42018316
            ],
            [
              -55.81013788,
              -27.41769247
            ],
            [
              -55.81206944,
              -27.41708251
            ],
            [
              -55.81511926,
              -27.4167267
            ],
            [
              -55.81882988,
              -27.41682836
            ],
            [
              -55.81953053,
              -27.41666667
            ],
            [
              -55.82171456,
              -27.41616266
            ],
            [
              -55.82345545,
              -27.41576092
            ],
            [
              -55.82620029,
              -27.41454099
            ],
            [
              -55.8305717,
              -27.41260943
            ],
            [
              -55.83219828,
              -27.41189781
            ],
            [
              -55.83606139,
              -27.40955961
            ],
            [
              -55.83890789,
              -27.40747556
            ],
            [
              -55.84251685,
              -27.4038666
            ],
            [
              -55.84495671,
              -27.40168089
            ],
            [
              -55.84942978,
              -27.39705533
            ],
            [
              -55.8521238,
              -27.39441215
            ],
            [
              -55.85400452,
              -27.39217561
            ],
            [
              -55.85522445,
              -27.38968492
            ],
            [
              -55.85678832,
              -27.38632194
            ],
            [
              -55.85796929,
              -27.38322946
            ],
            [
              -55.8589859,
              -27.3796205
            ],
            [
              -55.86010417,
              -27.37712981
            ],
            [
              -55.86122244,
              -27.37545241
            ],
            [
              -55.86325566,
              -27.37133514
            ],
            [
              -55.86574179,
              -27.36732901
            ],
            [
              -55.86844036,
              -27.36416805
            ],
            [
              -55.87387921,
              -27.35949166
            ],
            [
              -55.87626824,
              -27.35735678
            ],
            [
              -55.87809813,
              -27.35512024
            ],
            [
              -55.88109713,
              -27.35201959
            ],
            [
              -55.8845536,
              -27.34922392
            ],
            [
              -55.88811172,
              -27.34683489
            ],
            [
              -55.89334726,
              -27.34398838
            ],
            [
              -55.89634625,
              -27.34271762
            ],
            [
              -55.89817614,
              -27.34241264
            ],
            [
              -55.90117514,
              -27.34241264
            ],
            [
              -55.90442828,
              -27.34276845
            ],
            [
              -55.90783392,
              -27.34348008
            ],
            [
              -55.9111379,
              -27.34439503
            ],
            [
              -55.9146452,
              -27.34581828
            ],
            [
              -55.91637343,
              -27.34607243
            ],
            [
              -55.92059235,
              -27.34663156
            ],
            [
              -55.92470962,
              -27.34658073
            ],
            [
              -55.92730197,
              -27.34617409
            ],
            [
              -55.93116508,
              -27.34627575
            ],
            [
              -55.93548566,
              -27.34627575
            ],
            [
              -55.94107701,
              -27.34683489
            ],
            [
              -55.94544842,
              -27.34754651
            ],
            [
              -55.94870157,
              -27.34830897
            ],
            [
              -55.9533677,
              -27.34924339
            ],
            [
              -55.95756521,
              -27.3507854
            ],
            [
              -55.9584489,
              -27.35097464
            ],
            [
              -55.96252744,
              -27.3528837
            ],
            [
              -55.96623806,
              -27.35466277
            ],
            [
              -55.96913539,
              -27.35542523
            ],
            [
              -55.97254103,
              -27.35567938
            ],
            [
              -55.97548919,
              -27.35562855
            ],
            [
              -55.97894566,
              -27.35512024
            ],
            [
              -55.98108054,
              -27.35425613
            ],
            [
              -55.984537,
              -27.3528837
            ],
            [
              -55.98697686,
              -27.35135879
            ],
            [
              -55.98972171,
              -27.34942724
            ],
            [
              -55.9927207,
              -27.34780066
            ],
            [
              -55.99831204,
              -27.34505582
            ],
            [
              -56.00314093,
              -27.34215849
            ],
            [
              -56.00579783,
              -27.34032486
            ],
            [
              -56.00674989,
              -27.3396678
            ],
            [
              -56.01168044,
              -27.33600801
            ],
            [
              -56.01391698,
              -27.33397479
            ],
            [
              -56.01747511,
              -27.33102663
            ],
            [
              -56.01915251,
              -27.32904424
            ],
            [
              -56.02154154,
              -27.32655355
            ],
            [
              -56.02426433,
              -27.32426158
            ],
            [
              -56.02454053,
              -27.32370705
            ],
            [
              -56.02779368,
              -27.32065723
            ],
            [
              -56.02997939,
              -27.31857318
            ],
            [
              -56.03241925,
              -27.31638747
            ],
            [
              -56.03450329,
              -27.31496422
            ],
            [
              -56.0370432,
              -27.31291177
            ],
            [
              -56.03902639,
              -27.31187937
            ],
            [
              -56.04100959,
              -27.31084696
            ],
            [
              -56.04619429,
              -27.30886457
            ],
            [
              -56.04704222,
              -27.30865259
            ],
            [
              -56.0500574,
              -27.3078988
            ],
            [
              -56.05429236,
              -27.3070903
            ],
            [
              -56.05564874,
              -27.30683136
            ],
            [
              -56.0616268,
              -27.30619543
            ],
            [
              -56.06988126,
              -27.30652637
            ],
            [
              -56.07521845,
              -27.30703468
            ],
            [
              -56.07958986,
              -27.30769547
            ],
            [
              -56.08319882,
              -27.30815295
            ],
            [
              -56.08680778,
              -27.30855959
            ],
            [
              -56.09143335,
              -27.30967786
            ],
            [
              -56.09892121,
              -27.31165803
            ],
            [
              -56.10079034,
              -27.31237267
            ],
            [
              -56.1100631,
              -27.31532649
            ],
            [
              -56.11354458,
              -27.3170991
            ],
            [
              -56.11596639,
              -27.31720666
            ],
            [
              -56.11811931,
              -27.31714993
            ],
            [
              -56.12025419,
              -27.31770906
            ],
            [
              -56.12223658,
              -27.31842069
            ],
            [
              -56.12344204,
              -27.31958442
            ],
            [
              -56.12513391,
              -27.32157217
            ],
            [
              -56.12615052,
              -27.32309709
            ],
            [
              -56.12731962,
              -27.32467283
            ],
            [
              -56.12904785,
              -27.32594359
            ],
            [
              -56.13077608,
              -27.32680771
            ],
            [
              -56.13225017,
              -27.32751933
            ],
            [
              -56.1344867,
              -27.32782431
            ],
            [
              -56.13743487,
              -27.32818013
            ],
            [
              -56.13790551,
              -27.32819778
            ],
            [
              -56.1415013,
              -27.32833262
            ],
            [
              -56.14386444,
              -27.32798131
            ],
            [
              -56.14541524,
              -27.32787514
            ],
            [
              -56.14749929,
              -27.32782431
            ],
            [
              -56.14938001,
              -27.32792598
            ],
            [
              -56.15192153,
              -27.32873926
            ],
            [
              -56.1537006,
              -27.32965421
            ],
            [
              -56.15547966,
              -27.3314841
            ],
            [
              -56.15664876,
              -27.33290736
            ],
            [
              -56.15766537,
              -27.33463559
            ],
            [
              -56.1588853,
              -27.3361605
            ],
            [
              -56.16071519,
              -27.33712628
            ],
            [
              -56.16274841,
              -27.33753292
            ],
            [
              -56.16539159,
              -27.33819372
            ],
            [
              -56.16828892,
              -27.33931199
            ],
            [
              -56.17296532,
              -27.34170102
            ],
            [
              -56.17586265,
              -27.34363257
            ],
            [
              -56.17815002,
              -27.34581828
            ],
            [
              -56.18155566,
              -27.34876644
            ],
            [
              -56.18369054,
              -27.3512063
            ],
            [
              -56.18750282,
              -27.35608602
            ],
            [
              -56.19172174,
              -27.3622365
            ],
            [
              -56.19385662,
              -27.36447304
            ],
            [
              -56.19614399,
              -27.36747203
            ],
            [
              -56.19807554,
              -27.36945442
            ],
            [
              -56.20137952,
              -27.37184345
            ],
            [
              -56.20366689,
              -27.37316504
            ],
            [
              -56.20488682,
              -27.37458829
            ],
            [
              -56.20610675,
              -27.37692649
            ],
            [
              -56.20742834,
              -27.37936635
            ],
            [
              -56.20956321,
              -27.38094209
            ],
            [
              -56.21108813,
              -27.38267032
            ],
            [
              -56.21337549,
              -27.38424607
            ],
            [
              -56.21561203,
              -27.3853135
            ],
            [
              -56.21708611,
              -27.38577098
            ],
            [
              -56.21901767,
              -27.38633011
            ],
            [
              -56.22318576,
              -27.38663509
            ],
            [
              -56.22577811,
              -27.38678759
            ],
            [
              -56.2277605,
              -27.38678759
            ],
            [
              -56.22979372,
              -27.38724506
            ],
            [
              -56.23101365,
              -27.38800752
            ],
            [
              -56.23187776,
              -27.38851582
            ],
            [
              -56.23253856,
              -27.38958326
            ],
            [
              -56.2329452,
              -27.39054904
            ],
            [
              -56.23370766,
              -27.39207395
            ],
            [
              -56.23416513,
              -27.39425966
            ],
            [
              -56.2346226,
              -27.39578457
            ],
            [
              -56.2346226,
              -27.3970045
            ],
            [
              -56.23492759,
              -27.39873273
            ],
            [
              -56.23558838,
              -27.4003593
            ],
            [
              -56.23619835,
              -27.40142674
            ],
            [
              -56.23757077,
              -27.40239252
            ],
            [
              -56.23950049,
              -27.40331866
            ],
            [
              -56.24051893,
              -27.40401909
            ],
            [
              -56.24356876,
              -27.40462906
            ],
            [
              -56.24641526,
              -27.40488321
            ],
            [
              -56.24956674,
              -27.4050357
            ],
            [
              -56.25393816,
              -27.40544234
            ],
            [
              -56.25897037,
              -27.40473072
            ],
            [
              -56.26237601,
              -27.40457823
            ],
            [
              -56.26566545,
              -27.40404099
            ],
            [
              -56.26786569,
              -27.40391743
            ],
            [
              -56.27213544,
              -27.40417158
            ],
            [
              -56.27584606,
              -27.40483238
            ],
            [
              -56.27986167,
              -27.40615397
            ],
            [
              -56.28423308,
              -27.40849217
            ],
            [
              -56.28718124,
              -27.41093203
            ],
            [
              -56.29043439,
              -27.41515095
            ],
            [
              -56.29216262,
              -27.41698085
            ],
            [
              -56.29358588,
              -27.41921739
            ],
            [
              -56.29444999,
              -27.42130143
            ],
            [
              -56.2949583,
              -27.42297884
            ],
            [
              -56.29516162,
              -27.42531703
            ],
            [
              -56.29505996,
              -27.42719776
            ],
            [
              -56.29450082,
              -27.42979011
            ],
            [
              -56.29384003,
              -27.43283993
            ],
            [
              -56.29302674,
              -27.43553395
            ],
            [
              -56.29170515,
              -27.43822796
            ],
            [
              -56.291316,
              -27.43907544
            ],
            [
              -56.28941778,
              -27.44320934
            ],
            [
              -56.28768955,
              -27.44656414
            ],
            [
              -56.28585965,
              -27.45027476
            ],
            [
              -56.28474138,
              -27.45439203
            ],
            [
              -56.28418225,
              -27.45708604
            ],
            [
              -56.28413142,
              -27.45978005
            ],
            [
              -56.28433474,
              -27.46191493
            ],
            [
              -56.28489388,
              -27.4652189
            ],
            [
              -56.28524969,
              -27.46740461
            ],
            [
              -56.28621547,
              -27.47045443
            ],
            [
              -56.28718124,
              -27.47502917
            ],
            [
              -56.28865533,
              -27.48107799
            ],
            [
              -56.29033273,
              -27.48585605
            ],
            [
              -56.29241678,
              -27.49154905
            ],
            [
              -56.29368754,
              -27.4941414
            ],
            [
              -56.29450082,
              -27.49495469
            ],
            [
              -56.29683902,
              -27.49653043
            ],
            [
              -56.29871975,
              -27.49754704
            ],
            [
              -56.30105795,
              -27.49861448
            ],
            [
              -56.30441275,
              -27.50034271
            ],
            [
              -56.30573434,
              -27.50125766
            ],
            [
              -56.30685261,
              -27.50252842
            ],
            [
              -56.30776756,
              -27.50385001
            ],
            [
              -56.30888583,
              -27.50674734
            ],
            [
              -56.31010576,
              -27.50888222
            ],
            [
              -56.31163067,
              -27.51086461
            ],
            [
              -56.31351139,
              -27.51305032
            ],
            [
              -56.31681537,
              -27.51564267
            ],
            [
              -56.31955601,
              -27.51774909
            ],
            [
              -56.32065407,
              -27.51823629
            ],
            [
              -56.32166904,
              -27.51874452
            ],
            [
              -56.32413495,
              -27.51914996
            ],
            [
              -56.32667647,
              -27.51986159
            ],
            [
              -56.33206449,
              -27.52026823
            ],
            [
              -56.33353857,
              -27.52026823
            ],
            [
              -56.33496183,
              -27.52082737
            ],
            [
              -56.33633425,
              -27.5220473
            ],
            [
              -56.33836746,
              -27.52402968
            ],
            [
              -56.33989238,
              -27.52646954
            ],
            [
              -56.34200444,
              -27.53010797
            ],
            [
              -56.34319635,
              -27.53317916
            ],
            [
              -56.34472126,
              -27.53658479
            ],
            [
              -56.34716112,
              -27.54115953
            ],
            [
              -56.34817773,
              -27.54390437
            ],
            [
              -56.34949932,
              -27.54781831
            ],
            [
              -56.35041427,
              -27.55091897
            ],
            [
              -56.35082091,
              -27.55396879
            ],
            [
              -56.35102423,
              -27.55478208
            ],
            [
              -56.35132922,
              -27.55722194
            ],
            [
              -56.35122756,
              -27.55945848
            ],
            [
              -56.35087174,
              -27.56108505
            ],
            [
              -56.35021095,
              -27.56352491
            ],
            [
              -56.35005846,
              -27.56555812
            ],
            [
              -56.35005846,
              -27.56738802
            ],
            [
              -56.35051593,
              -27.5695229
            ],
            [
              -56.35117673,
              -27.57242023
            ],
            [
              -56.35158337,
              -27.57435179
            ],
            [
              -56.35224416,
              -27.57750327
            ],
            [
              -56.35341326,
              -27.58034977
            ],
            [
              -56.35488735,
              -27.58370458
            ],
            [
              -56.35615811,
              -27.58589029
            ],
            [
              -56.35758136,
              -27.58797433
            ],
            [
              -56.35936042,
              -27.59056668
            ],
            [
              -56.3631727,
              -27.59402315
            ],
            [
              -56.36627336,
              -27.59671716
            ],
            [
              -56.36922152,
              -27.59849623
            ],
            [
              -56.37079726,
              -27.59905536
            ],
            [
              -56.37227134,
              -27.59997031
            ],
            [
              -56.37527034,
              -27.60185104
            ],
            [
              -56.38203078,
              -27.60408757
            ],
            [
              -56.38416566,
              -27.60490086
            ],
            [
              -56.38884206,
              -27.60601913
            ],
            [
              -56.39484004,
              -27.60693408
            ],
            [
              -56.40490447,
              -27.60667992
            ],
            [
              -56.40871675,
              -27.60637494
            ],
            [
              -56.41207155,
              -27.60606996
            ],
            [
              -56.41501972,
              -27.60561249
            ],
            [
              -56.41923864,
              -27.60454505
            ],
            [
              -56.42223763,
              -27.60383342
            ],
            [
              -56.42543995,
              -27.602461
            ],
            [
              -56.42823562,
              -27.60047861
            ],
            [
              -56.42991303,
              -27.59915702
            ],
            [
              -56.43214956,
              -27.59722547
            ],
            [
              -56.43347115,
              -27.59534474
            ],
            [
              -56.43428444,
              -27.593769
            ],
            [
              -56.43499607,
              -27.59137997
            ],
            [
              -56.43611433,
              -27.58817766
            ],
            [
              -56.43718177,
              -27.58685607
            ],
            [
              -56.44109571,
              -27.58446704
            ],
            [
              -56.44439969,
              -27.58314545
            ],
            [
              -56.45146512,
              -27.57943483
            ],
            [
              -56.45542989,
              -27.57740161
            ],
            [
              -56.45853184,
              -27.57562086
            ],
            [
              -56.46091957,
              -27.57425012
            ],
            [
              -56.46549431,
              -27.57135279
            ],
            [
              -56.46839164,
              -27.56977705
            ],
            [
              -56.47301721,
              -27.56799798
            ],
            [
              -56.47740271,
              -27.56690193
            ],
            [
              -56.48074343,
              -27.56637141
            ],
            [
              -56.4841999,
              -27.56515148
            ],
            [
              -56.4870464,
              -27.5636774
            ],
            [
              -56.49014706,
              -27.56103422
            ],
            [
              -56.49243443,
              -27.5584927
            ],
            [
              -56.49543342,
              -27.55569703
            ],
            [
              -56.49848324,
              -27.55178308
            ],
            [
              -56.50071978,
              -27.54710669
            ],
            [
              -56.50173639,
              -27.5439552
            ],
            [
              -56.50219386,
              -27.53988877
            ],
            [
              -56.50290549,
              -27.53551735
            ],
            [
              -56.50400941,
              -27.53221228
            ],
            [
              -56.5049387,
              -27.52997684
            ],
            [
              -56.50631113,
              -27.52702868
            ],
            [
              -56.50841681,
              -27.52454903
            ],
            [
              -56.50966593,
              -27.52347055
            ],
            [
              -56.51108918,
              -27.52189481
            ],
            [
              -56.51474897,
              -27.51767588
            ],
            [
              -56.51570106,
              -27.51655069
            ],
            [
              -56.51810378,
              -27.51371111
            ],
            [
              -56.52028949,
              -27.51081378
            ],
            [
              -56.52211938,
              -27.50791644
            ],
            [
              -56.5229835,
              -27.50644236
            ],
            [
              -56.52410177,
              -27.5051716
            ],
            [
              -56.52501672,
              -27.50435832
            ],
            [
              -56.52694827,
              -27.50227427
            ],
            [
              -56.52862567,
              -27.50039354
            ],
            [
              -56.53086221,
              -27.49876697
            ],
            [
              -56.53208214,
              -27.49749621
            ],
            [
              -56.53396287,
              -27.49561549
            ],
            [
              -56.53645356,
              -27.49327729
            ],
            [
              -56.53874093,
              -27.49073577
            ],
            [
              -56.54072331,
              -27.4872793
            ],
            [
              -56.54163826,
              -27.48468695
            ],
            [
              -56.5420449,
              -27.48306038
            ],
            [
              -56.54179075,
              -27.48128131
            ],
            [
              -56.54158743,
              -27.48041719
            ],
            [
              -56.5415366,
              -27.47873979
            ],
            [
              -56.54214656,
              -27.47579163
            ],
            [
              -56.54356981,
              -27.47426672
            ],
            [
              -56.54524722,
              -27.47350426
            ],
            [
              -56.54799206,
              -27.47269097
            ],
            [
              -56.55104188,
              -27.47045443
            ],
            [
              -56.55302427,
              -27.46831956
            ],
            [
              -56.55414254,
              -27.46679465
            ],
            [
              -56.55404088,
              -27.46526973
            ],
            [
              -56.55421926,
              -27.46356044
            ],
            [
              -56.55429503,
              -27.46145745
            ],
            [
              -56.5547525,
              -27.45932258
            ],
            [
              -56.55546413,
              -27.45825514
            ],
            [
              -56.55673489,
              -27.45678106
            ],
            [
              -56.55917475,
              -27.45454452
            ],
            [
              -56.56166544,
              -27.4525113
            ],
            [
              -56.56329201,
              -27.45149469
            ],
            [
              -56.56624018,
              -27.45027476
            ],
            [
              -56.56832422,
              -27.44981729
            ],
            [
              -56.57132322,
              -27.44961397
            ],
            [
              -56.57477968,
              -27.4496648
            ],
            [
              -56.57981189,
              -27.44941065
            ],
            [
              -56.58225175,
              -27.449004
            ],
            [
              -56.58458995,
              -27.44778407
            ],
            [
              -56.58728396,
              -27.44585252
            ],
            [
              -56.5901813,
              -27.443311
            ],
            [
              -56.59211285,
              -27.44051533
            ],
            [
              -56.59506102,
              -27.4374655
            ],
            [
              -56.59745004,
              -27.43492398
            ],
            [
              -56.59968658,
              -27.43294159
            ],
            [
              -56.60136399,
              -27.43192499
            ],
            [
              -56.60354969,
              -27.43141668
            ],
            [
              -56.6057354,
              -27.43151834
            ],
            [
              -56.60700616,
              -27.43197582
            ],
            [
              -56.60909021,
              -27.43334824
            ],
            [
              -56.6120892,
              -27.43543228
            ],
            [
              -56.61452906,
              -27.43700803
            ],
            [
              -56.61661311,
              -27.43832962
            ],
            [
              -56.62001874,
              -27.44092197
            ],
            [
              -56.62235694,
              -27.4421419
            ],
            [
              -56.62408518,
              -27.44351432
            ],
            [
              -56.62677919,
              -27.44524255
            ],
            [
              -56.63165891,
              -27.4484957
            ],
            [
              -56.63435292,
              -27.45022393
            ],
            [
              -56.63684361,
              -27.45169801
            ],
            [
              -56.64080838,
              -27.45337542
            ],
            [
              -56.64360405,
              -27.4543412
            ],
            [
              -56.64548478,
              -27.4553578
            ],
            [
              -56.64624723,
              -27.45642524
            ],
            [
              -56.64706052,
              -27.45815348
            ],
            [
              -56.64848377,
              -27.45998337
            ],
            [
              -56.64960204,
              -27.46079666
            ],
            [
              -56.65183858,
              -27.46115247
            ],
            [
              -56.65493923,
              -27.46145745
            ],
            [
              -56.65992061,
              -27.46176244
            ],
            [
              -56.66337708,
              -27.4618641
            ],
            [
              -56.66642691,
              -27.46155911
            ],
            [
              -56.66861261,
              -27.46115247
            ],
            [
              -56.67130663,
              -27.46135579
            ],
            [
              -56.67283154,
              -27.46155911
            ],
            [
              -56.67496641,
              -27.46252489
            ],
            [
              -56.67679631,
              -27.46338901
            ],
            [
              -56.67806169,
              -27.46352923
            ],
            [
              -56.68177769,
              -27.46206742
            ],
            [
              -56.68508167,
              -27.46023752
            ],
            [
              -56.68650492,
              -27.4588651
            ],
            [
              -56.6873182,
              -27.45774683
            ],
            [
              -56.68792817,
              -27.45586611
            ],
            [
              -56.68884312,
              -27.45454452
            ],
            [
              -56.68975806,
              -27.4543412
            ],
            [
              -56.69102882,
              -27.4543412
            ],
            [
              -56.69174045,
              -27.45469701
            ],
            [
              -56.693672,
              -27.45515448
            ],
            [
              -56.69636602,
              -27.45606943
            ],
            [
              -56.69921252,
              -27.45688272
            ],
            [
              -56.70190653,
              -27.45713687
            ],
            [
              -56.70404141,
              -27.4571877
            ],
            [
              -56.70709123,
              -27.45749268
            ],
            [
              -56.70917528,
              -27.4583568
            ],
            [
              -56.71303839,
              -27.46044084
            ],
            [
              -56.71578323,
              -27.46227074
            ],
            [
              -56.71878222,
              -27.46455811
            ],
            [
              -56.72035797,
              -27.46689631
            ],
            [
              -56.72106959,
              -27.4682179
            ],
            [
              -56.72127291,
              -27.46979364
            ],
            [
              -56.72135786,
              -27.47204209
            ],
            [
              -56.72137458,
              -27.47513083
            ],
            [
              -56.73162862,
              -27.47847931
            ],
            [
              -56.73448397,
              -27.47981181
            ],
            [
              -56.73467433,
              -27.48399966
            ]
          ],
          [
            [
              -54.67949837,
              -26.00990057
            ],
            [
              -54.6794977,
              -26.00991154
            ]
          ],
          [
            [
              -54.6794977,
              -26.00991154
            ],
            [
              -54.67920696,
              -26.00737277
            ],
            [
              -54.67908799,
              -26.00466613
            ],
            [
              -54.6792367,
              -26.00303025
            ],
            [
              -54.6795266,
              -25.99939761
            ],
            [
              -54.67965985,
              -25.99823643
            ],
            [
              -54.67967889,
              -25.99758921
            ],
            [
              -54.67977407,
              -25.99681827
            ],
            [
              -54.67978358,
              -25.99643756
            ],
            [
              -54.67993587,
              -25.99576179
            ],
            [
              -54.68013574,
              -25.99514313
            ],
            [
              -54.68044031,
              -25.99423893
            ],
            [
              -54.68061219,
              -25.99377452
            ],
            [
              -54.68053376,
              -25.99337366
            ],
            [
              -54.67987935,
              -25.99156442
            ],
            [
              -54.67966964,
              -25.99098463
            ],
            [
              -54.67865303,
              -25.98895141
            ],
            [
              -54.67864965,
              -25.98894701
            ],
            [
              -54.67763643,
              -25.98762982
            ],
            [
              -54.67656899,
              -25.9862574
            ],
            [
              -54.67372249,
              -25.98336007
            ],
            [
              -54.67133346,
              -25.98173349
            ],
            [
              -54.66757201,
              -25.98015775
            ],
            [
              -54.66396305,
              -25.97914114
            ],
            [
              -54.65948997,
              -25.97863284
            ],
            [
              -54.65445776,
              -25.97888699
            ],
            [
              -54.65003552,
              -25.97949696
            ],
            [
              -54.64480434,
              -25.98122241
            ],
            [
              -54.64296898,
              -25.98162775
            ],
            [
              -54.63788705,
              -25.9827501
            ],
            [
              -54.63026834,
              -25.98480843
            ],
            [
              -54.62604356,
              -25.98488498
            ],
            [
              -54.62521247,
              -25.98485239
            ],
            [
              -54.62345121,
              -25.98478332
            ],
            [
              -54.62195172,
              -25.98440209
            ],
            [
              -54.61630839,
              -25.98315213
            ],
            [
              -54.61154947,
              -25.97875013
            ],
            [
              -54.60928898,
              -25.97351532
            ],
            [
              -54.60762335,
              -25.96768564
            ],
            [
              -54.60702849,
              -25.96054725
            ],
            [
              -54.6078613,
              -25.95650217
            ],
            [
              -54.61107357,
              -25.95102941
            ],
            [
              -54.61809298,
              -25.94377205
            ],
            [
              -54.61940169,
              -25.94079773
            ],
            [
              -54.62047244,
              -25.93675264
            ],
            [
              -54.62106731,
              -25.93306448
            ],
            [
              -54.62166217,
              -25.92485534
            ],
            [
              -54.62201909,
              -25.91843079
            ],
            [
              -54.62136417,
              -25.90879154
            ],
            [
              -54.62009588,
              -25.90742325
            ],
            [
              -54.61903196,
              -25.90499769
            ],
            [
              -54.61809852,
              -25.90320832
            ],
            [
              -54.61676322,
              -25.90058856
            ],
            [
              -54.61569031,
              -25.89748645
            ],
            [
              -54.61421977,
              -25.89391285
            ],
            [
              -54.61329639,
              -25.89254101
            ],
            [
              -54.61122262,
              -25.88741696
            ],
            [
              -54.60922139,
              -25.88336414
            ],
            [
              -54.60748913,
              -25.88026846
            ],
            [
              -54.60589083,
              -25.87717162
            ],
            [
              -54.60416032,
              -25.8741926
            ],
            [
              -54.60402483,
              -25.87393487
            ],
            [
              -54.60309541,
              -25.87216692
            ],
            [
              -54.60189824,
              -25.87025906
            ],
            [
              -54.59937375,
              -25.8676462
            ],
            [
              -54.59698382,
              -25.86418936
            ],
            [
              -54.59564213,
              -25.86013912
            ],
            [
              -54.59509123,
              -25.85583911
            ],
            [
              -54.5937525,
              -25.85202666
            ],
            [
              -54.59242382,
              -25.84988249
            ],
            [
              -54.59069518,
              -25.84702461
            ],
            [
              -54.58975699,
              -25.84475527
            ],
            [
              -54.58908587,
              -25.84249255
            ],
            [
              -54.58802009,
              -25.84034578
            ],
            [
              -54.58774349,
              -25.83748294
            ],
            [
              -54.58706774,
              -25.83438163
            ],
            [
              -54.58652667,
              -25.83175442
            ],
            [
              -54.58691112,
              -25.82948604
            ],
            [
              -54.58756115,
              -25.8274528
            ],
            [
              -54.58794843,
              -25.82542218
            ],
            [
              -54.5884696,
              -25.82422422
            ],
            [
              -54.58885609,
              -25.82255218
            ],
            [
              -54.5900356,
              -25.82087257
            ],
            [
              -54.59108384,
              -25.81943634
            ],
            [
              -54.59186935,
              -25.81800272
            ],
            [
              -54.59305006,
              -25.81644418
            ],
            [
              -54.5938322,
              -25.8151269
            ],
            [
              -54.59553863,
              -25.81320893
            ],
            [
              -54.59672053,
              -25.81177145
            ],
            [
              -54.59855996,
              -25.81021084
            ],
            [
              -54.6003948,
              -25.80829577
            ],
            [
              -54.60210032,
              -25.80673627
            ],
            [
              -54.60380872,
              -25.80541452
            ],
            [
              -54.60577883,
              -25.80361481
            ],
            [
              -54.60761575,
              -25.80145764
            ],
            [
              -54.60919351,
              -25.80002061
            ],
            [
              -54.61116212,
              -25.79809966
            ],
            [
              -54.6128621,
              -25.79570579
            ],
            [
              -54.61430196,
              -25.7939065
            ],
            [
              -54.61548405,
              -25.79211014
            ],
            [
              -54.61679432,
              -25.7906709
            ],
            [
              -54.6186315,
              -25.78899323
            ],
            [
              -54.61980752,
              -25.78672125
            ],
            [
              -54.62085104,
              -25.78492127
            ],
            [
              -54.62229154,
              -25.78240905
            ],
            [
              -54.62332945,
              -25.78101692
            ],
            [
              -54.62425557,
              -25.77977474
            ],
            [
              -54.6259572,
              -25.77713862
            ],
            [
              -54.62739147,
              -25.77415073
            ],
            [
              -54.62960545,
              -25.76888566
            ],
            [
              -54.6311692,
              -25.76553309
            ],
            [
              -54.63220572,
              -25.76242344
            ],
            [
              -54.63230183,
              -25.76150948
            ],
            [
              -54.63258245,
              -25.75884071
            ],
            [
              -54.63284068,
              -25.75728651
            ],
            [
              -54.63282838,
              -25.75549698
            ],
            [
              -54.63334885,
              -25.75394451
            ],
            [
              -54.63333572,
              -25.75167522
            ],
            [
              -54.63339662,
              -25.74976561
            ],
            [
              -54.63345003,
              -25.74809074
            ],
            [
              -54.63353827,
              -25.7475379
            ],
            [
              -54.6338315,
              -25.74570081
            ],
            [
              -54.63398058,
              -25.74477878
            ],
            [
              -54.63402468,
              -25.74450599
            ],
            [
              -54.63402498,
              -25.74450418
            ],
            [
              -54.63421787,
              -25.74331117
            ],
            [
              -54.63446857,
              -25.74116025
            ],
            [
              -54.6347148,
              -25.73745787
            ],
            [
              -54.63536254,
              -25.73578273
            ],
            [
              -54.63600273,
              -25.73231831
            ],
            [
              -54.63743756,
              -25.72944679
            ],
            [
              -54.63847638,
              -25.72657477
            ],
            [
              -54.6395109,
              -25.72298964
            ],
            [
              -54.64055007,
              -25.71975895
            ],
            [
              -54.64172512,
              -25.71712788
            ],
            [
              -54.64289686,
              -25.71461317
            ],
            [
              -54.64420283,
              -25.71258142
            ],
            [
              -54.64511503,
              -25.71030723
            ],
            [
              -54.64668507,
              -25.70838932
            ],
            [
              -54.64733376,
              -25.70683517
            ],
            [
              -54.64837907,
              -25.70491833
            ],
            [
              -54.64981757,
              -25.70240546
            ],
            [
              -54.65098722,
              -25.69977394
            ],
            [
              -54.65294911,
              -25.69713427
            ],
            [
              -54.65399389,
              -25.69522181
            ],
            [
              -54.65529969,
              -25.6931854
            ],
            [
              -54.65647358,
              -25.69091271
            ],
            [
              -54.65751006,
              -25.68756504
            ],
            [
              -54.6580779,
              -25.6832085
            ],
            [
              -54.65805327,
              -25.6781274
            ],
            [
              -54.65684661,
              -25.67430981
            ],
            [
              -54.65524222,
              -25.67037965
            ],
            [
              -54.65378094,
              -25.66871286
            ],
            [
              -54.65232604,
              -25.66716749
            ],
            [
              -54.65126679,
              -25.66597667
            ],
            [
              -54.65007081,
              -25.66454931
            ],
            [
              -54.64835136,
              -25.66360289
            ],
            [
              -54.64676871,
              -25.66289298
            ],
            [
              -54.64451868,
              -25.6614721
            ],
            [
              -54.64227491,
              -25.66052677
            ],
            [
              -54.64042814,
              -25.66005712
            ],
            [
              -54.63970994,
              -25.65999492
            ],
            [
              -54.63779275,
              -25.65982889
            ],
            [
              -54.63568489,
              -25.65983727
            ],
            [
              -54.63251989,
              -25.65961424
            ],
            [
              -54.63041068,
              -25.65950142
            ],
            [
              -54.62944119,
              -25.65999492
            ],
            [
              -54.62804565,
              -25.6607053
            ],
            [
              -54.6251536,
              -25.6613138
            ],
            [
              -54.62291742,
              -25.66216188
            ],
            [
              -54.62068152,
              -25.66300546
            ],
            [
              -54.61857757,
              -25.6637311
            ],
            [
              -54.61634246,
              -25.66505433
            ],
            [
              -54.61371183,
              -25.66602289
            ],
            [
              -54.61161083,
              -25.66698618
            ],
            [
              -54.60924116,
              -25.66783076
            ],
            [
              -54.60740272,
              -25.66843709
            ],
            [
              -54.60476985,
              -25.6688046
            ],
            [
              -54.60213173,
              -25.66917623
            ],
            [
              -54.60095325,
              -25.66929173
            ],
            [
              -54.59963116,
              -25.6694213
            ],
            [
              -54.59673291,
              -25.66955359
            ],
            [
              -54.5943603,
              -25.66896768
            ],
            [
              -54.59146076,
              -25.66897875
            ],
            [
              -54.58855887,
              -25.66839341
            ],
            [
              -54.585656,
              -25.66733277
            ],
            [
              -54.58367391,
              -25.6662628
            ],
            [
              -54.58181753,
              -25.66376562
            ],
            [
              -54.58127925,
              -25.66221467
            ],
            [
              -54.58100724,
              -25.66018607
            ],
            [
              -54.58126255,
              -25.65839433
            ],
            [
              -54.58178386,
              -25.65731735
            ],
            [
              -54.58203781,
              -25.65540448
            ],
            [
              -54.58242803,
              -25.65373263
            ],
            [
              -54.58281434,
              -25.65253574
            ],
            [
              -54.58359688,
              -25.6509808
            ],
            [
              -54.58517023,
              -25.64894279
            ],
            [
              -54.58661123,
              -25.64702707
            ],
            [
              -54.58857381,
              -25.64486814
            ],
            [
              -54.5893538,
              -25.64271678
            ],
            [
              -54.59026601,
              -25.64044307
            ],
            [
              -54.59209619,
              -25.63721394
            ],
            [
              -54.59300772,
              -25.63529879
            ],
            [
              -54.59391619,
              -25.63314586
            ],
            [
              -54.59482653,
              -25.63075544
            ],
            [
              -54.59534428,
              -25.62860227
            ],
            [
              -54.5962562,
              -25.62632847
            ],
            [
              -54.59663614,
              -25.62346348
            ],
            [
              -54.59635991,
              -25.62071739
            ],
            [
              -54.59621753,
              -25.61880839
            ],
            [
              -54.59580635,
              -25.61594242
            ],
            [
              -54.59618591,
              -25.61223911
            ],
            [
              -54.59617269,
              -25.60997
            ],
            [
              -54.59616303,
              -25.60758006
            ],
            [
              -54.59561596,
              -25.60376482
            ],
            [
              -54.59546748,
              -25.60053751
            ],
            [
              -54.59492457,
              -25.5974353
            ],
            [
              -54.59445889,
              -25.59620442
            ],
            [
              -54.59343227,
              -25.59349081
            ],
            [
              -54.59334517,
              -25.59326057
            ],
            [
              -54.59334493,
              -25.59325995
            ]
          ]
        ]
      },
      "properties": {
        "reach": "Puerto Iguazu - Yacyreta",
        "river": "Paraná (medio)",
        "condicion": "aguas medias altas",
        "percentil": 25,
        "color": "#cfe2f3",
        "tendencia": "baja",
        "level_m": 17.4,
        "level_condicion": "aguas medias altas",
        "discharge_m3s": null,
        "discharge_condicion": null,
        "fecha": "2026-09-21T03:00:00Z"
      }
    },
    {
      "type": "Feature",
      "geometry": {
        "type": "MultiLineString",
        "coordinates": [
          [
            [
              -59.07633175,
              -28.37022029
            ],
            [
              -59.07645845,
              -28.37544293
            ],
            [
              -59.07654054,
              -28.37882657
            ],
            [
              -59.07662689,
              -28.38238604
            ],
            [
              -59.07669718,
              -28.38528332
            ],
            [
              -59.07788691,
              -28.39884625
            ],
            [
              -59.08121815,
              -28.40812614
            ],
            [
              -59.08264583,
              -28.41288507
            ],
            [
              -59.08550118,
              -28.42002345
            ],
            [
              -59.08571137,
              -28.42135466
            ],
            [
              -59.08859132,
              -28.42469777
            ],
            [
              -59.08930516,
              -28.42707723
            ],
            [
              -59.08930516,
              -28.42945669
            ],
            [
              -59.08882927,
              -28.43302589
            ],
            [
              -59.08799646,
              -28.43802275
            ],
            [
              -59.08597392,
              -28.43992632
            ],
            [
              -59.08323754,
              -28.44123503
            ],
            [
              -59.07657585,
              -28.44421638
            ],
            [
              -59.07205407,
              -28.45313233
            ],
            [
              -59.07018225,
              -28.461154
            ],
            [
              -59.06897615,
              -28.4688429
            ],
            [
              -59.076062,
              -28.47879323
            ],
            [
              -59.08228575,
              -28.48644479
            ],
            [
              -59.08133397,
              -28.49953182
            ],
            [
              -59.08109602,
              -28.5097635
            ],
            [
              -59.08216678,
              -28.51821059
            ],
            [
              -59.08335651,
              -28.52523
            ],
            [
              -59.08371343,
              -28.53177352
            ],
            [
              -59.08490316,
              -28.53796012
            ],
            [
              -59.08621502,
              -28.54399337
            ],
            [
              -59.08716681,
              -28.54803845
            ],
            [
              -59.08775376,
              -28.5511769
            ],
            [
              -59.08781248,
              -28.55199894
            ],
            [
              -59.08781427,
              -28.55202406
            ],
            [
              -59.08822965,
              -28.55783939
            ],
            [
              -59.08832173,
              -28.55801024
            ],
            [
              -59.09284184,
              -28.56639752
            ],
            [
              -59.09394036,
              -28.56842799
            ],
            [
              -59.09572495,
              -28.57045053
            ],
            [
              -59.09786647,
              -28.57282999
            ],
            [
              -59.09929415,
              -28.57437664
            ],
            [
              -59.10000798,
              -28.57639918
            ],
            [
              -59.10072182,
              -28.58008735
            ],
            [
              -59.10107874,
              -28.58318065
            ],
            [
              -59.10072182,
              -28.58591703
            ],
            [
              -59.10015583,
              -28.58829419
            ],
            [
              -59.10012696,
              -28.58841546
            ],
            [
              -59.09917517,
              -28.59341233
            ],
            [
              -59.09882616,
              -28.59610356
            ],
            [
              -59.09883363,
              -28.59614464
            ],
            [
              -59.09977795,
              -28.60133837
            ],
            [
              -59.09989376,
              -28.60413426
            ],
            [
              -59.10263014,
              -28.61008291
            ],
            [
              -59.10322501,
              -28.61757821
            ],
            [
              -59.09941787,
              -28.62650119
            ],
            [
              -59.09775225,
              -28.64018309
            ],
            [
              -59.09323127,
              -28.64684558
            ],
            [
              -59.092317,
              -28.64956789
            ],
            [
              -59.09223824,
              -28.64960011
            ],
            [
              -59.09097394,
              -28.65011732
            ],
            [
              -59.08823441,
              -28.65221227
            ],
            [
              -59.08692886,
              -28.65321062
            ],
            [
              -59.08383556,
              -28.6546383
            ],
            [
              -59.0814561,
              -28.65677982
            ],
            [
              -59.07931458,
              -28.66034901
            ],
            [
              -59.07855739,
              -28.662242
            ],
            [
              -59.0783628,
              -28.66272847
            ],
            [
              -59.07812485,
              -28.66486998
            ],
            [
              -59.07860075,
              -28.66748739
            ],
            [
              -59.07931458,
              -28.66939096
            ],
            [
              -59.08121024,
              -28.67086378
            ],
            [
              -59.08978421,
              -28.68319183
            ],
            [
              -59.0938293,
              -28.68890254
            ],
            [
              -59.09447066,
              -28.69036018
            ],
            [
              -59.09906411,
              -28.70079984
            ],
            [
              -59.10072973,
              -28.70984179
            ],
            [
              -59.10215741,
              -28.71579045
            ],
            [
              -59.1057266,
              -28.72197705
            ],
            [
              -59.10877827,
              -28.72679547
            ],
            [
              -59.11024758,
              -28.72911543
            ],
            [
              -59.11572034,
              -28.73744354
            ],
            [
              -59.1180998,
              -28.74315425
            ],
            [
              -59.12017463,
              -28.74600715
            ],
            [
              -59.12129462,
              -28.74754713
            ],
            [
              -59.12190694,
              -28.74838906
            ],
            [
              -59.12436666,
              -28.75188446
            ],
            [
              -59.12642791,
              -28.75481361
            ],
            [
              -59.13071094,
              -28.76076226
            ],
            [
              -59.13546986,
              -28.76790064
            ],
            [
              -59.14022878,
              -28.77146983
            ],
            [
              -59.14427387,
              -28.7764667
            ],
            [
              -59.1447993,
              -28.78135769
            ],
            [
              -59.14498965,
              -28.78630697
            ],
            [
              -59.14462763,
              -28.790684
            ],
            [
              -59.13927384,
              -28.80210541
            ],
            [
              -59.13963076,
              -28.8154304
            ],
            [
              -59.14534147,
              -28.8273277
            ],
            [
              -59.15747988,
              -28.86248422
            ],
            [
              -59.1573609,
              -28.86426881
            ],
            [
              -59.15759885,
              -28.87354871
            ],
            [
              -59.15781449,
              -28.87527384
            ],
            [
              -59.15807474,
              -28.87735585
            ],
            [
              -59.15952617,
              -28.88136455
            ],
            [
              -59.16307161,
              -28.89115672
            ],
            [
              -59.16783053,
              -28.90352992
            ],
            [
              -59.1697341,
              -28.90876473
            ],
            [
              -59.17449302,
              -28.91590311
            ],
            [
              -59.17925194,
              -28.92185177
            ],
            [
              -59.18259249,
              -28.92637132
            ],
            [
              -59.19174096,
              -28.93321372
            ],
            [
              -59.19450751,
              -28.93745517
            ],
            [
              -59.19519433,
              -28.9380321
            ],
            [
              -59.19876352,
              -28.94374281
            ],
            [
              -59.20185682,
              -28.94897762
            ],
            [
              -59.20471218,
              -28.95445038
            ],
            [
              -59.20675456,
              -28.96057752
            ],
            [
              -59.20683554,
              -28.96082046
            ],
            [
              -59.20756753,
              -28.96301644
            ],
            [
              -59.2094711,
              -28.96896509
            ],
            [
              -59.21061126,
              -28.97580607
            ],
            [
              -59.21089878,
              -28.97753115
            ],
            [
              -59.21089878,
              -28.98443159
            ],
            [
              -59.21018494,
              -28.99085613
            ],
            [
              -59.20875726,
              -28.99823246
            ],
            [
              -59.20732958,
              -29.00084987
            ],
            [
              -59.20423628,
              -29.00537085
            ],
            [
              -59.20021048,
              -29.0122384
            ],
            [
              -59.2001912,
              -29.01227128
            ],
            [
              -59.20018631,
              -29.01230491
            ],
            [
              -59.2000093,
              -29.01352187
            ],
            [
              -59.19828763,
              -29.02535832
            ],
            [
              -59.19971531,
              -29.03154492
            ],
            [
              -59.20471218,
              -29.04082481
            ],
            [
              -59.20696578,
              -29.04423937
            ],
            [
              -59.2125644,
              -29.05272212
            ],
            [
              -59.21802582,
              -29.05695472
            ],
            [
              -59.22208224,
              -29.06009845
            ],
            [
              -59.22461005,
              -29.06271051
            ],
            [
              -59.22922062,
              -29.06747478
            ],
            [
              -59.23421749,
              -29.07128191
            ],
            [
              -59.24254561,
              -29.07794441
            ],
            [
              -59.2487322,
              -29.08365511
            ],
            [
              -59.25703337,
              -29.08926401
            ],
            [
              -59.25753621,
              -29.08960376
            ],
            [
              -59.26262324,
              -29.09195866
            ],
            [
              -59.27530344,
              -29.09956687
            ],
            [
              -59.27801832,
              -29.10021863
            ],
            [
              -59.29774159,
              -29.10495363
            ],
            [
              -59.30250802,
              -29.1057841
            ],
            [
              -59.30557145,
              -29.10607866
            ],
            [
              -59.31461633,
              -29.10694836
            ],
            [
              -59.31488122,
              -29.10697383
            ],
            [
              -59.32646604,
              -29.10839238
            ],
            [
              -59.32654058,
              -29.10840151
            ],
            [
              -59.32775095,
              -29.10840151
            ],
            [
              -59.33248923,
              -29.10840151
            ],
            [
              -59.34224502,
              -29.11268454
            ],
            [
              -59.34575905,
              -29.11650953
            ],
            [
              -59.35032762,
              -29.12122086
            ],
            [
              -59.35818741,
              -29.12791309
            ],
            [
              -59.36080482,
              -29.13338585
            ],
            [
              -59.36247044,
              -29.13790682
            ],
            [
              -59.36288447,
              -29.14308218
            ],
            [
              -59.36290127,
              -29.14329219
            ],
            [
              -59.36294633,
              -29.14385547
            ],
            [
              -59.36389812,
              -29.14885234
            ],
            [
              -59.36508785,
              -29.15004207
            ],
            [
              -59.36699141,
              -29.15313537
            ],
            [
              -59.37091126,
              -29.15637675
            ],
            [
              -59.38192471,
              -29.17039232
            ],
            [
              -59.39069688,
              -29.18135454
            ],
            [
              -59.3968008,
              -29.19051725
            ],
            [
              -59.40060592,
              -29.19900259
            ],
            [
              -59.40231913,
              -29.20014473
            ],
            [
              -59.40517448,
              -29.20180084
            ],
            [
              -59.40854299,
              -29.20414266
            ],
            [
              -59.40904267,
              -29.21097171
            ],
            [
              -59.40749089,
              -29.21385994
            ],
            [
              -59.40649151,
              -29.21545418
            ],
            [
              -59.40622977,
              -29.21685806
            ],
            [
              -59.40940017,
              -29.21963886
            ],
            [
              -59.41182235,
              -29.22142956
            ]
          ],
          [
            [
              -59.07633155,
              -28.37021222
            ],
            [
              -59.07633175,
              -28.37022029
            ]
          ],
          [
            [
              -59.07633175,
              -28.37022029
            ],
            [
              -59.07781237,
              -28.36797539
            ],
            [
              -59.07895451,
              -28.36117013
            ],
            [
              -59.08004906,
              -28.35764853
            ],
            [
              -59.08447486,
              -28.35041497
            ],
            [
              -59.08666396,
              -28.34841622
            ],
            [
              -59.08890065,
              -28.34608435
            ],
            [
              -59.0922319,
              -28.34346694
            ],
            [
              -59.09523023,
              -28.33830473
            ],
            [
              -59.10012696,
              -28.33476492
            ],
            [
              -59.1034582,
              -28.32881627
            ],
            [
              -59.10334714,
              -28.32603474
            ],
            [
              -59.10310919,
              -28.3196102
            ],
            [
              -59.10310919,
              -28.31247181
            ],
            [
              -59.10239536,
              -28.30699905
            ],
            [
              -59.10168152,
              -28.30128835
            ],
            [
              -59.10144357,
              -28.29557764
            ],
            [
              -59.10168152,
              -28.29010488
            ],
            [
              -59.10168152,
              -28.28439417
            ],
            [
              -59.10191946,
              -28.27773168
            ],
            [
              -59.10239536,
              -28.26964152
            ],
            [
              -59.1052428,
              -28.26100163
            ],
            [
              -59.10667839,
              -28.25607859
            ],
            [
              -59.10834401,
              -28.25108172
            ],
            [
              -59.10977168,
              -28.24513307
            ],
            [
              -59.10953374,
              -28.23847058
            ],
            [
              -59.10953374,
              -28.22966657
            ],
            [
              -59.10786812,
              -28.22276614
            ],
            [
              -59.10501276,
              -28.21776927
            ],
            [
              -59.10191946,
              -28.21538981
            ],
            [
              -59.09739849,
              -28.21182062
            ],
            [
              -59.08989527,
              -28.20520327
            ],
            [
              -59.08620711,
              -28.19949257
            ],
            [
              -59.08620711,
              -28.19461467
            ],
            [
              -59.08636221,
              -28.19393844
            ],
            [
              -59.08918144,
              -28.18164661
            ],
            [
              -59.08763479,
              -28.17177185
            ],
            [
              -59.08383179,
              -28.16103576
            ],
            [
              -59.07939074,
              -28.15586706
            ],
            [
              -59.07439387,
              -28.15063225
            ],
            [
              -59.06796933,
              -28.14159029
            ],
            [
              -59.06297246,
              -28.13754521
            ],
            [
              -59.05607202,
              -28.13468986
            ],
            [
              -59.03255027,
              -28.13310561
            ],
            [
              -59.02810931,
              -28.13461711
            ],
            [
              -59.02123151,
              -28.13633726
            ],
            [
              -59.00933162,
              -28.13827422
            ],
            [
              -59.0074943,
              -28.13857328
            ],
            [
              -58.99965694,
              -28.13935559
            ],
            [
              -58.9845506,
              -28.13630032
            ],
            [
              -58.98273149,
              -28.13629326
            ],
            [
              -58.97429721,
              -28.13626049
            ],
            [
              -58.96784222,
              -28.13597995
            ],
            [
              -58.96332124,
              -28.13550406
            ],
            [
              -58.95380605,
              -28.13386276
            ],
            [
              -58.94595383,
              -28.13053151
            ],
            [
              -58.94262259,
              -28.12672438
            ],
            [
              -58.93773666,
              -28.12354261
            ],
            [
              -58.93416747,
              -28.11902164
            ],
            [
              -58.9322639,
              -28.11592834
            ],
            [
              -58.92678323,
              -28.10966792
            ],
            [
              -58.92154841,
              -28.10431413
            ],
            [
              -58.91667052,
              -28.09943623
            ],
            [
              -58.91095981,
              -28.0938445
            ],
            [
              -58.9068301,
              -28.08980456
            ],
            [
              -58.90676401,
              -28.08973992
            ],
            [
              -58.90051573,
              -28.08675132
            ],
            [
              -58.88220894,
              -28.06766406
            ],
            [
              -58.85730539,
              -28.05183341
            ],
            [
              -58.85970305,
              -28.01788746
            ],
            [
              -58.85445859,
              -28.00774485
            ],
            [
              -58.84018553,
              -27.98778379
            ],
            [
              -58.83359339,
              -27.96435779
            ],
            [
              -58.83540797,
              -27.94209288
            ],
            [
              -58.83691862,
              -27.92977093
            ],
            [
              -58.82578274,
              -27.92941401
            ],
            [
              -58.82511656,
              -27.92346081
            ],
            [
              -58.82139865,
              -27.91810702
            ],
            [
              -58.81545,
              -27.9124558
            ],
            [
              -58.82035764,
              -27.89773288
            ],
            [
              -58.82556271,
              -27.88762017
            ],
            [
              -58.83061906,
              -27.88196895
            ],
            [
              -58.83255238,
              -27.87319469
            ],
            [
              -58.82976174,
              -27.86523861
            ],
            [
              -58.82771957,
              -27.86104752
            ],
            [
              -58.82795451,
              -27.84793065
            ],
            [
              -58.82345071,
              -27.83945076
            ],
            [
              -58.81999891,
              -27.82866979
            ],
            [
              -58.81871685,
              -27.82063581
            ],
            [
              -58.81617154,
              -27.81280737
            ],
            [
              -58.81387792,
              -27.8035806
            ],
            [
              -58.81212653,
              -27.79510858
            ],
            [
              -58.80970753,
              -27.78340708
            ],
            [
              -58.81029975,
              -27.7766778
            ],
            [
              -58.81105051,
              -27.76814716
            ],
            [
              -58.81213447,
              -27.75866378
            ],
            [
              -58.81329897,
              -27.74771969
            ],
            [
              -58.81832495,
              -27.68664915
            ],
            [
              -58.81877521,
              -27.68117808
            ],
            [
              -58.82251364,
              -27.67292924
            ],
            [
              -58.82654231,
              -27.665438
            ],
            [
              -58.82814892,
              -27.66245053
            ],
            [
              -58.83174978,
              -27.65546177
            ],
            [
              -58.8346567,
              -27.64826213
            ],
            [
              -58.83549694,
              -27.64664143
            ],
            [
              -58.83683407,
              -27.64543968
            ],
            [
              -58.84491597,
              -27.63817517
            ],
            [
              -58.86200911,
              -27.62801235
            ],
            [
              -58.86219516,
              -27.62790174
            ],
            [
              -58.86907589,
              -27.62353211
            ],
            [
              -58.87142047,
              -27.62123036
            ],
            [
              -58.87712094,
              -27.6156867
            ],
            [
              -58.88005317,
              -27.61275373
            ],
            [
              -58.88274647,
              -27.60852289
            ],
            [
              -58.88320098,
              -27.60607368
            ],
            [
              -58.88351459,
              -27.60438372
            ],
            [
              -58.88316254,
              -27.60101477
            ],
            [
              -58.88277409,
              -27.59927955
            ],
            [
              -58.88104096,
              -27.59712941
            ],
            [
              -58.87901618,
              -27.59406794
            ],
            [
              -58.87504076,
              -27.58568199
            ],
            [
              -58.87238186,
              -27.58146256
            ],
            [
              -58.87137881,
              -27.57987082
            ],
            [
              -58.87101902,
              -27.57127119
            ],
            [
              -58.87111504,
              -27.56356733
            ],
            [
              -58.87112621,
              -27.56267083
            ],
            [
              -58.87132414,
              -27.55931651
            ],
            [
              -58.87290869,
              -27.556227
            ],
            [
              -58.87428131,
              -27.55508793
            ],
            [
              -58.87781753,
              -27.54901662
            ],
            [
              -58.87997218,
              -27.53924148
            ],
            [
              -58.88121135,
              -27.52874121
            ],
            [
              -58.88121874,
              -27.52694157
            ],
            [
              -58.88087192,
              -27.51799468
            ],
            [
              -58.88177113,
              -27.50653417
            ],
            [
              -58.88176842,
              -27.50135673
            ],
            [
              -58.88193843,
              -27.49965386
            ],
            [
              -58.88140233,
              -27.49789207
            ],
            [
              -58.8783619,
              -27.49363659
            ],
            [
              -58.87490637,
              -27.48855543
            ],
            [
              -58.87230248,
              -27.48472656
            ],
            [
              -58.87089598,
              -27.48296071
            ],
            [
              -58.86583587,
              -27.47660779
            ],
            [
              -58.85729994,
              -27.46723086
            ],
            [
              -58.85489886,
              -27.46511713
            ],
            [
              -58.84971937,
              -27.4605575
            ],
            [
              -58.84830934,
              -27.45929119
            ]
          ]
        ]
      },
      "properties": {
        "reach": "Barranqueras - Goya",
        "river": "Paraná (medio)",
        "condicion": "aguas medias",
        "percentil": 50,
        "color": "#fff2cc",
        "tendencia": "crece",
        "level_m": 4.35,
        "level_condicion": "aguas medias",
        "discharge_m3s": 19792.127,
        "discharge_condicion": "aguas medias",
        "fecha": "2026-09-21T03:00:00Z"
      }
    },
    {
      "type": "Feature",
      "geometry": {
        "type": "MultiLineString",
        "coordinates": [
          [
            [
              -57.66699982,
              -25.35294342
            ],
            [
              -57.66056036,
              -25.35414261
            ],
            [
              -57.65875197,
              -25.35585582
            ],
            [
              -57.65751465,
              -25.3568076
            ],
            [
              -57.65484965,
              -25.35852081
            ],
            [
              -57.65247019,
              -25.3608051
            ],
            [
              -57.64923412,
              -25.36289902
            ],
            [
              -57.64685466,
              -25.36584955
            ],
            [
              -57.64561734,
              -25.36889526
            ],
            [
              -57.64476074,
              -25.37060848
            ],
            [
              -57.64438002,
              -25.3727024
            ],
            [
              -57.64409449,
              -25.37470115
            ],
            [
              -57.64323788,
              -25.37660472
            ],
            [
              -57.64266681,
              -25.37774686
            ],
            [
              -57.64219092,
              -25.378889
            ],
            [
              -57.6409536,
              -25.3810781
            ],
            [
              -57.64055254,
              -25.38334306
            ],
            [
              -57.63934455,
              -25.38404772
            ],
            [
              -57.63491526,
              -25.38532282
            ],
            [
              -57.63223084,
              -25.3857926
            ],
            [
              -57.62961353,
              -25.3864637
            ],
            [
              -57.62598956,
              -25.38659792
            ],
            [
              -57.62384203,
              -25.38666503
            ],
            [
              -57.62263404,
              -25.38679925
            ],
            [
              -57.6210905,
              -25.38679925
            ],
            [
              -57.61974828,
              -25.38686636
            ],
            [
              -57.61847319,
              -25.38700059
            ],
            [
              -57.61599609,
              -25.38761461
            ],
            [
              -57.61349841,
              -25.3891076
            ],
            [
              -57.60953658,
              -25.39162202
            ],
            [
              -57.60339986,
              -25.39601413
            ],
            [
              -57.60309123,
              -25.39621148
            ],
            [
              -57.59545302,
              -25.40109534
            ],
            [
              -57.59301096,
              -25.40462389
            ],
            [
              -57.5906891,
              -25.40792021
            ],
            [
              -57.58739663,
              -25.41259449
            ],
            [
              -57.57967875,
              -25.42170215
            ],
            [
              -57.57418705,
              -25.42745325
            ],
            [
              -57.56725539,
              -25.43435233
            ],
            [
              -57.5616205,
              -25.44017399
            ],
            [
              -57.5585526,
              -25.44384275
            ],
            [
              -57.55850332,
              -25.44390168
            ],
            [
              -57.55755182,
              -25.44598609
            ],
            [
              -57.55799403,
              -25.45003053
            ],
            [
              -57.55976016,
              -25.45219793
            ],
            [
              -57.56059414,
              -25.45591039
            ],
            [
              -57.56037394,
              -25.46293156
            ],
            [
              -57.56034502,
              -25.46385364
            ],
            [
              -57.56129526,
              -25.46971131
            ],
            [
              -57.56133809,
              -25.46997533
            ],
            [
              -57.56237011,
              -25.47237649
            ],
            [
              -57.56494876,
              -25.47764348
            ],
            [
              -57.56735901,
              -25.48280068
            ],
            [
              -57.56960569,
              -25.48873041
            ],
            [
              -57.57213538,
              -25.49421607
            ],
            [
              -57.57253983,
              -25.49487826
            ],
            [
              -57.57363169,
              -25.49666594
            ],
            [
              -57.5748499,
              -25.49901547
            ],
            [
              -57.57733325,
              -25.50179448
            ],
            [
              -57.57882443,
              -25.50337101
            ],
            [
              -57.58077002,
              -25.50554045
            ],
            [
              -57.5813979,
              -25.50866919
            ],
            [
              -57.58091175,
              -25.51340837
            ],
            [
              -57.5789562,
              -25.51795352
            ],
            [
              -57.57649152,
              -25.52476605
            ],
            [
              -57.57441157,
              -25.53062967
            ],
            [
              -57.5722525,
              -25.53670181
            ],
            [
              -57.57112454,
              -25.5403684
            ],
            [
              -57.57114127,
              -25.54088271
            ],
            [
              -57.57116193,
              -25.54151744
            ],
            [
              -57.57119933,
              -25.54266649
            ],
            [
              -57.57186618,
              -25.54855109
            ],
            [
              -57.57573267,
              -25.55928029
            ],
            [
              -57.57883601,
              -25.56472436
            ],
            [
              -57.58117383,
              -25.5683352
            ],
            [
              -57.58460998,
              -25.57059159
            ],
            [
              -57.58711983,
              -25.57006362
            ],
            [
              -57.59122272,
              -25.56909058
            ],
            [
              -57.59521315,
              -25.56752816
            ],
            [
              -57.60118249,
              -25.56620537
            ],
            [
              -57.60380661,
              -25.56633393
            ],
            [
              -57.60658781,
              -25.56870964
            ],
            [
              -57.60738803,
              -25.57133166
            ],
            [
              -57.60636811,
              -25.57790561
            ],
            [
              -57.60509631,
              -25.58698616
            ],
            [
              -57.60618634,
              -25.59254443
            ],
            [
              -57.60687972,
              -25.59498598
            ],
            [
              -57.60749746,
              -25.59716121
            ],
            [
              -57.60763326,
              -25.59988021
            ],
            [
              -57.60965628,
              -25.60588706
            ],
            [
              -57.61214721,
              -25.60988135
            ],
            [
              -57.61282694,
              -25.6106008
            ],
            [
              -57.61509933,
              -25.61300599
            ],
            [
              -57.61880684,
              -25.61523131
            ],
            [
              -57.62276193,
              -25.61692109
            ],
            [
              -57.62815325,
              -25.6164763
            ],
            [
              -57.63349049,
              -25.61480056
            ],
            [
              -57.63811631,
              -25.6124908
            ],
            [
              -57.64161917,
              -25.6100901
            ],
            [
              -57.64535933,
              -25.60604165
            ],
            [
              -57.64834067,
              -25.60297344
            ],
            [
              -57.65216842,
              -25.59884245
            ],
            [
              -57.65517711,
              -25.59671127
            ],
            [
              -57.66233651,
              -25.59443943
            ],
            [
              -57.66648683,
              -25.59408716
            ],
            [
              -57.66896287,
              -25.59455129
            ],
            [
              -57.672433,
              -25.59576737
            ],
            [
              -57.6747324,
              -25.59719268
            ],
            [
              -57.67799706,
              -25.60147539
            ],
            [
              -57.67803215,
              -25.60839938
            ],
            [
              -57.67598751,
              -25.61864349
            ],
            [
              -57.67559909,
              -25.62058953
            ],
            [
              -57.67508667,
              -25.62262331
            ],
            [
              -57.67471612,
              -25.62716037
            ],
            [
              -57.67434239,
              -25.63098614
            ],
            [
              -57.67396522,
              -25.63433017
            ],
            [
              -57.67372138,
              -25.63791312
            ],
            [
              -57.67159711,
              -25.64614441
            ],
            [
              -57.67153622,
              -25.64642113
            ],
            [
              -57.6710243,
              -25.64874758
            ],
            [
              -57.67105046,
              -25.65306507
            ],
            [
              -57.67267464,
              -25.65662635
            ],
            [
              -57.67443497,
              -25.65869374
            ],
            [
              -57.67782406,
              -25.66032106
            ],
            [
              -57.68253674,
              -25.66144753
            ],
            [
              -57.68676591,
              -25.66149844
            ],
            [
              -57.69139514,
              -25.66014594
            ],
            [
              -57.69518807,
              -25.65805163
            ],
            [
              -57.7005486,
              -25.65431281
            ],
            [
              -57.70241571,
              -25.65297188
            ],
            [
              -57.70900996,
              -25.64951164
            ],
            [
              -57.71400414,
              -25.64719031
            ],
            [
              -57.71923079,
              -25.64511129
            ],
            [
              -57.72418047,
              -25.64424188
            ],
            [
              -57.72900841,
              -25.64421864
            ],
            [
              -57.72965991,
              -25.64425865
            ],
            [
              -57.73435722,
              -25.64454717
            ],
            [
              -57.73937857,
              -25.64679027
            ],
            [
              -57.7421282,
              -25.64939006
            ],
            [
              -57.74340282,
              -25.65059523
            ],
            [
              -57.74706936,
              -25.65463477
            ],
            [
              -57.75118567,
              -25.65974831
            ],
            [
              -57.75411175,
              -25.66414817
            ],
            [
              -57.75514185,
              -25.66737485
            ],
            [
              -57.75639565,
              -25.67130226
            ],
            [
              -57.75725707,
              -25.67601032
            ],
            [
              -57.75932851,
              -25.67929448
            ],
            [
              -57.76236826,
              -25.68270353
            ],
            [
              -57.76639674,
              -25.68588702
            ],
            [
              -57.768112,
              -25.68875941
            ],
            [
              -57.76834992,
              -25.68915785
            ],
            [
              -57.76844949,
              -25.69142119
            ],
            [
              -57.768112,
              -25.69423714
            ],
            [
              -57.76794829,
              -25.69560307
            ],
            [
              -57.76738121,
              -25.69811252
            ],
            [
              -57.76431171,
              -25.70398003
            ],
            [
              -57.76045833,
              -25.70777551
            ],
            [
              -57.75941733,
              -25.70792087
            ],
            [
              -57.75656374,
              -25.70831932
            ],
            [
              -57.75430801,
              -25.70792087
            ],
            [
              -57.75326524,
              -25.70773667
            ],
            [
              -57.75089417,
              -25.70787165
            ],
            [
              -57.74785792,
              -25.7077665
            ],
            [
              -57.74690203,
              -25.70768457
            ],
            [
              -57.7452245,
              -25.7075408
            ],
            [
              -57.73970885,
              -25.70676065
            ],
            [
              -57.73728719,
              -25.70624088
            ],
            [
              -57.73370041,
              -25.70577791
            ],
            [
              -57.73029204,
              -25.70712634
            ],
            [
              -57.72828145,
              -25.70891214
            ],
            [
              -57.72748796,
              -25.71481197
            ],
            [
              -57.72973557,
              -25.71848555
            ],
            [
              -57.73199148,
              -25.72062446
            ],
            [
              -57.73340045,
              -25.72337633
            ],
            [
              -57.73568687,
              -25.72539027
            ],
            [
              -57.7376318,
              -25.72669859
            ],
            [
              -57.73964266,
              -25.7277527
            ],
            [
              -57.73993918,
              -25.72793709
            ],
            [
              -57.74175638,
              -25.72906709
            ],
            [
              -57.74509573,
              -25.73087593
            ],
            [
              -57.74705198,
              -25.73215755
            ],
            [
              -57.74971586,
              -25.73362228
            ],
            [
              -57.75145223,
              -25.73463146
            ],
            [
              -57.7526476,
              -25.73532621
            ],
            [
              -57.75595435,
              -25.73698061
            ],
            [
              -57.75886694,
              -25.73934996
            ],
            [
              -57.76116397,
              -25.74162449
            ],
            [
              -57.76484915,
              -25.74527358
            ],
            [
              -57.77029352,
              -25.75168632
            ],
            [
              -57.77427443,
              -25.75634468
            ],
            [
              -57.77928452,
              -25.75941941
            ],
            [
              -57.78260415,
              -25.76012395
            ],
            [
              -57.78485033,
              -25.76070884
            ],
            [
              -57.78722076,
              -25.76061391
            ],
            [
              -57.79000477,
              -25.76061031
            ],
            [
              -57.79289647,
              -25.75984974
            ],
            [
              -57.79611737,
              -25.75838066
            ],
            [
              -57.79879674,
              -25.75633388
            ],
            [
              -57.80129104,
              -25.75476661
            ],
            [
              -57.8027516,
              -25.75394847
            ],
            [
              -57.80365537,
              -25.75344222
            ],
            [
              -57.80658042,
              -25.75202529
            ],
            [
              -57.81168116,
              -25.75052849
            ],
            [
              -57.81574219,
              -25.75064651
            ],
            [
              -57.81829068,
              -25.75102558
            ],
            [
              -57.82192324,
              -25.75242464
            ],
            [
              -57.82436245,
              -25.75422075
            ],
            [
              -57.8270051,
              -25.75616666
            ],
            [
              -57.82779697,
              -25.75900105
            ],
            [
              -57.82797311,
              -25.7596315
            ],
            [
              -57.82592447,
              -25.76284479
            ],
            [
              -57.82472648,
              -25.76432819
            ],
            [
              -57.82390158,
              -25.766149
            ],
            [
              -57.82295007,
              -25.76940614
            ],
            [
              -57.82292022,
              -25.76950832
            ],
            [
              -57.82183695,
              -25.77440809
            ],
            [
              -57.8206596,
              -25.77895335
            ],
            [
              -57.81894923,
              -25.7820345
            ],
            [
              -57.81550769,
              -25.78535988
            ],
            [
              -57.81171591,
              -25.78952795
            ],
            [
              -57.80791894,
              -25.79380825
            ],
            [
              -57.80757857,
              -25.79420885
            ],
            [
              -57.80442229,
              -25.79792361
            ],
            [
              -57.8004118,
              -25.80388862
            ],
            [
              -57.79744893,
              -25.81079139
            ],
            [
              -57.7967721,
              -25.81511567
            ],
            [
              -57.79752792,
              -25.8220438
            ],
            [
              -57.80021796,
              -25.82887479
            ],
            [
              -57.805014,
              -25.83555622
            ],
            [
              -57.80959887,
              -25.84025374
            ],
            [
              -57.81318979,
              -25.84345702
            ],
            [
              -57.81951929,
              -25.84729391
            ],
            [
              -57.82427797,
              -25.84826085
            ],
            [
              -57.82937334,
              -25.8485824
            ],
            [
              -57.83016834,
              -25.84854148
            ],
            [
              -57.83670816,
              -25.84820482
            ],
            [
              -57.84240326,
              -25.84866338
            ],
            [
              -57.84613291,
              -25.84896368
            ],
            [
              -57.84822787,
              -25.84964157
            ],
            [
              -57.85446384,
              -25.8516594
            ],
            [
              -57.86135942,
              -25.85579838
            ],
            [
              -57.86640826,
              -25.86042537
            ],
            [
              -57.86988652,
              -25.86697292
            ],
            [
              -57.87006586,
              -25.86741977
            ],
            [
              -57.87270733,
              -25.87400137
            ],
            [
              -57.86985424,
              -25.88070271
            ],
            [
              -57.86710999,
              -25.88454009
            ],
            [
              -57.86106558,
              -25.88803961
            ],
            [
              -57.85331338,
              -25.89177521
            ],
            [
              -57.84351938,
              -25.89769749
            ],
            [
              -57.84186003,
              -25.89934001
            ],
            [
              -57.84031678,
              -25.90334109
            ],
            [
              -57.84007268,
              -25.90631258
            ],
            [
              -57.84091091,
              -25.91311321
            ],
            [
              -57.84292422,
              -25.91739875
            ],
            [
              -57.84643015,
              -25.9210217
            ],
            [
              -57.84975352,
              -25.92244119
            ],
            [
              -57.85796044,
              -25.9241286
            ],
            [
              -57.86807465,
              -25.92620817
            ],
            [
              -57.87614378,
              -25.9281872
            ],
            [
              -57.88061964,
              -25.92945476
            ],
            [
              -57.88315743,
              -25.93017346
            ],
            [
              -57.88713708,
              -25.93289847
            ],
            [
              -57.88941611,
              -25.93741808
            ],
            [
              -57.89006636,
              -25.94196465
            ],
            [
              -57.89011568,
              -25.94230951
            ],
            [
              -57.89146325,
              -25.94578932
            ],
            [
              -57.89334516,
              -25.95064893
            ],
            [
              -57.89603915,
              -25.95756025
            ],
            [
              -57.89488647,
              -25.96210258
            ],
            [
              -57.89178991,
              -25.96552716
            ],
            [
              -57.89146325,
              -25.9657056
            ],
            [
              -57.87917438,
              -25.97241848
            ],
            [
              -57.87410608,
              -25.97494072
            ],
            [
              -57.86661015,
              -25.97867107
            ],
            [
              -57.85754264,
              -25.98489399
            ],
            [
              -57.85308739,
              -25.99053354
            ],
            [
              -57.85088108,
              -25.99565444
            ],
            [
              -57.85130588,
              -25.99999826
            ],
            [
              -57.85277176,
              -26.00515426
            ],
            [
              -57.85643759,
              -26.0083992
            ],
            [
              -57.85976883,
              -26.00963652
            ],
            [
              -57.8665265,
              -26.01144491
            ],
            [
              -57.87233239,
              -26.01382438
            ],
            [
              -57.87547328,
              -26.01477616
            ],
            [
              -57.88118398,
              -26.01753633
            ],
            [
              -57.88651397,
              -26.01867848
            ],
            [
              -57.90659663,
              -26.02515061
            ],
            [
              -57.91316394,
              -26.02838668
            ],
            [
              -57.91649518,
              -26.03038542
            ],
            [
              -57.919065,
              -26.03152756
            ],
            [
              -57.92296732,
              -26.03466845
            ],
            [
              -57.92753588,
              -26.03971291
            ],
            [
              -57.93200927,
              -26.0477079
            ],
            [
              -57.93324659,
              -26.04999218
            ],
            [
              -57.93581641,
              -26.052562
            ],
            [
              -57.93924283,
              -26.0560836
            ],
            [
              -57.94362104,
              -26.06065217
            ],
            [
              -57.95285335,
              -26.06836162
            ],
            [
              -57.95808816,
              -26.07159769
            ],
            [
              -57.9640844,
              -26.07588072
            ],
            [
              -57.97008065,
              -26.07873607
            ],
            [
              -57.97740939,
              -26.08349499
            ],
            [
              -57.97868231,
              -26.08563436
            ],
            [
              -57.98014028,
              -26.08615923
            ],
            [
              -57.98270631,
              -26.08715065
            ],
            [
              -57.98474747,
              -26.0879088
            ],
            [
              -57.98713855,
              -26.08895854
            ],
            [
              -57.990696,
              -26.09059147
            ],
            [
              -57.99168615,
              -26.09106886
            ],
            [
              -57.99396186,
              -26.09216608
            ],
            [
              -57.99676117,
              -26.09374069
            ],
            [
              -57.99886065,
              -26.09502371
            ],
            [
              -58.00125173,
              -26.09665664
            ],
            [
              -58.00305961,
              -26.0977647
            ],
            [
              -58.00545069,
              -26.09922267
            ],
            [
              -58.0088915,
              -26.10120551
            ],
            [
              -58.01163249,
              -26.10289676
            ],
            [
              -58.01419853,
              -26.10435473
            ],
            [
              -58.0168812,
              -26.10569607
            ],
            [
              -58.01991378,
              -26.10709572
            ],
            [
              -58.02136164,
              -26.10784159
            ],
            [
              -58.0360393,
              -26.10881246
            ],
            [
              -58.04327287,
              -26.10976424
            ],
            [
              -58.05355214,
              -26.1099546
            ],
            [
              -58.06050016,
              -26.1077655
            ],
            [
              -58.07905996,
              -26.10900282
            ],
            [
              -58.08305745,
              -26.11119192
            ],
            [
              -58.08734048,
              -26.11290513
            ],
            [
              -58.09228976,
              -26.11585566
            ],
            [
              -58.09590654,
              -26.12004351
            ],
            [
              -58.09847636,
              -26.12327958
            ],
            [
              -58.09980886,
              -26.12594458
            ],
            [
              -58.10104618,
              -26.12899029
            ],
            [
              -58.1044726,
              -26.13384439
            ],
            [
              -58.10618581,
              -26.13641421
            ],
            [
              -58.11176607,
              -26.1449447
            ],
            [
              -58.11398219,
              -26.14762737
            ],
            [
              -58.11409728,
              -26.14783562
            ],
            [
              -58.11520689,
              -26.14984349
            ],
            [
              -58.11608167,
              -26.15130146
            ],
            [
              -58.11683982,
              -26.15316767
            ],
            [
              -58.11694058,
              -26.15352405
            ],
            [
              -58.11750685,
              -26.15552688
            ],
            [
              -58.1177146,
              -26.15847469
            ],
            [
              -58.11794788,
              -26.16045753
            ],
            [
              -58.11818115,
              -26.16349011
            ],
            [
              -58.11853107,
              -26.16506473
            ],
            [
              -58.11848592,
              -26.16805586
            ],
            [
              -58.11831387,
              -26.17074278
            ],
            [
              -58.11840118,
              -26.17283512
            ],
            [
              -58.11856112,
              -26.17557835
            ],
            [
              -58.11832663,
              -26.1788035
            ],
            [
              -58.11823947,
              -26.1813357
            ],
            [
              -58.11835611,
              -26.18413501
            ],
            [
              -58.11856023,
              -26.18521391
            ],
            [
              -58.12360347,
              -26.18647807
            ],
            [
              -58.12855275,
              -26.18495521
            ],
            [
              -58.13483453,
              -26.18152879
            ],
            [
              -58.13997416,
              -26.17886379
            ],
            [
              -58.14349576,
              -26.17819754
            ],
            [
              -58.14825469,
              -26.17819754
            ],
            [
              -58.15434611,
              -26.17848308
            ],
            [
              -58.15720146,
              -26.17905415
            ],
            [
              -58.15929538,
              -26.18076736
            ],
            [
              -58.1596761,
              -26.18248057
            ]
          ]
        ]
      },
      "properties": {
        "reach": "Puerto Pilcomayo - Puerto Formosa",
        "river": "Paraguay",
        "condicion": "aguas bajas",
        "percentil": 100,
        "color": "#ea9999",
        "tendencia": "permanece",
        "level_m": 1.09,
        "level_condicion": "aguas bajas",
        "discharge_m3s": 1578.5652,
        "discharge_condicion": null,
        "fecha": "2026-09-21T03:00:00Z"
      }
    },
    {
      "type": "Feature",
      "geometry": {
        "type": "MultiLineString",
        "coordinates": [
          [
            [
              -58.48089309,
              -26.96424135
            ],
            [
              -58.48008066,
              -26.96517718
            ],
            [
              -58.47837085,
              -26.96809392
            ],
            [
              -58.47248708,
              -26.97679385
            ],
            [
              -58.47108971,
              -26.98162215
            ],
            [
              -58.47082755,
              -26.98473946
            ],
            [
              -58.46941947,
              -26.98926543
            ],
            [
              -58.46993343,
              -26.99180664
            ],
            [
              -58.47032467,
              -26.99374112
            ],
            [
              -58.47334199,
              -27
            ],
            [
              -58.47682023,
              -27.0024864
            ],
            [
              -58.48403436,
              -27.00158464
            ],
            [
              -58.48722094,
              -27.00000121
            ],
            [
              -58.49157056,
              -26.99829963
            ],
            [
              -58.50000035,
              -26.99675653
            ],
            [
              -58.50165337,
              -26.99641168
            ],
            [
              -58.50375947,
              -26.99661927
            ],
            [
              -58.50709759,
              -26.9974696
            ],
            [
              -58.50940995,
              -26.99771633
            ],
            [
              -58.51209101,
              -26.99822621
            ],
            [
              -58.51537818,
              -26.99981664
            ],
            [
              -58.517567,
              -27.00129336
            ],
            [
              -58.51854592,
              -27.0024498
            ],
            [
              -58.51877164,
              -27.00271645
            ],
            [
              -58.51917962,
              -27.00328451
            ],
            [
              -58.51947242,
              -27.00541697
            ],
            [
              -58.51894157,
              -27.00887305
            ],
            [
              -58.51773412,
              -27.01324895
            ],
            [
              -58.51532396,
              -27.01766359
            ],
            [
              -58.50829703,
              -27.02732412
            ],
            [
              -58.5059562,
              -27.030932
            ],
            [
              -58.50459399,
              -27.03467017
            ],
            [
              -58.50312041,
              -27.04132809
            ],
            [
              -58.50253628,
              -27.04368051
            ],
            [
              -58.50230137,
              -27.04652796
            ],
            [
              -58.5026199,
              -27.04939781
            ],
            [
              -58.50317314,
              -27.05160046
            ],
            [
              -58.50615925,
              -27.05647644
            ],
            [
              -58.50819036,
              -27.05868772
            ],
            [
              -58.50852843,
              -27.05903454
            ],
            [
              -58.51003466,
              -27.06039793
            ],
            [
              -58.51292687,
              -27.06220844
            ],
            [
              -58.51556295,
              -27.06243696
            ],
            [
              -58.51747811,
              -27.06178431
            ],
            [
              -58.52021908,
              -27.05860663
            ],
            [
              -58.52009601,
              -27.0565158
            ],
            [
              -58.51993521,
              -27.05497977
            ],
            [
              -58.51935569,
              -27.05299682
            ],
            [
              -58.51862617,
              -27.05000904
            ],
            [
              -58.51868938,
              -27.04792058
            ],
            [
              -58.52015795,
              -27.04392633
            ],
            [
              -58.52241248,
              -27.04114914
            ],
            [
              -58.52350712,
              -27.0403189
            ],
            [
              -58.52490102,
              -27.03965485
            ],
            [
              -58.52678402,
              -27.03863005
            ],
            [
              -58.52892963,
              -27.03746234
            ],
            [
              -58.53162829,
              -27.03634097
            ],
            [
              -58.53376778,
              -27.03588478
            ],
            [
              -58.53955256,
              -27.03468881
            ],
            [
              -58.54228739,
              -27.03445215
            ],
            [
              -58.54429664,
              -27.03431495
            ],
            [
              -58.5476725,
              -27.03410963
            ],
            [
              -58.55132114,
              -27.03428592
            ],
            [
              -58.55443168,
              -27.03496226
            ],
            [
              -58.5585261,
              -27.0368856
            ],
            [
              -58.56018105,
              -27.03846582
            ],
            [
              -58.56154832,
              -27.04038091
            ],
            [
              -58.56164229,
              -27.04341179
            ],
            [
              -58.56138337,
              -27.0459675
            ],
            [
              -58.55955354,
              -27.04824772
            ],
            [
              -58.55828515,
              -27.05093845
            ],
            [
              -58.55648776,
              -27.05475128
            ],
            [
              -58.55616947,
              -27.05690989
            ],
            [
              -58.55602213,
              -27.05790932
            ],
            [
              -58.55645565,
              -27.06029013
            ],
            [
              -58.55653037,
              -27.06318329
            ],
            [
              -58.5563089,
              -27.06658601
            ],
            [
              -58.5566045,
              -27.06938128
            ],
            [
              -58.55729258,
              -27.07259645
            ],
            [
              -58.55778504,
              -27.07437999
            ],
            [
              -58.5581117,
              -27.07593171
            ],
            [
              -58.55813282,
              -27.07711032
            ],
            [
              -58.55817549,
              -27.07949273
            ],
            [
              -58.55821164,
              -27.08151232
            ],
            [
              -58.55822768,
              -27.08240848
            ],
            [
              -58.55814881,
              -27.08400207
            ],
            [
              -58.5580595,
              -27.08580489
            ],
            [
              -58.55799068,
              -27.08719538
            ],
            [
              -58.55792187,
              -27.08858587
            ],
            [
              -58.55722649,
              -27.0901974
            ],
            [
              -58.55601558,
              -27.09312326
            ],
            [
              -58.55530533,
              -27.09464946
            ],
            [
              -58.55393683,
              -27.0991633
            ],
            [
              -58.55366612,
              -27.10052094
            ],
            [
              -58.55372492,
              -27.10383773
            ],
            [
              -58.55379616,
              -27.10424902
            ],
            [
              -58.55434663,
              -27.10608828
            ],
            [
              -58.55612938,
              -27.10885065
            ],
            [
              -58.55900051,
              -27.11010105
            ],
            [
              -58.56124446,
              -27.1101107
            ],
            [
              -58.56129775,
              -27.11011093
            ],
            [
              -58.56415296,
              -27.11012323
            ],
            [
              -58.56729601,
              -27.10957515
            ],
            [
              -58.56822547,
              -27.10941308
            ],
            [
              -58.57040073,
              -27.10911402
            ],
            [
              -58.57183005,
              -27.1087844
            ],
            [
              -58.57790459,
              -27.10888464
            ],
            [
              -58.58271097,
              -27.1090813
            ],
            [
              -58.58654766,
              -27.10917698
            ],
            [
              -58.58731918,
              -27.10919396
            ],
            [
              -58.58885755,
              -27.10922781
            ],
            [
              -58.59359839,
              -27.10942983
            ],
            [
              -58.59614318,
              -27.1096455
            ],
            [
              -58.59861513,
              -27.10987402
            ],
            [
              -58.60062098,
              -27.1100595
            ],
            [
              -58.60455615,
              -27.11038279
            ],
            [
              -58.60726527,
              -27.11053158
            ],
            [
              -58.60755649,
              -27.1105497
            ],
            [
              -58.60920206,
              -27.11065209
            ],
            [
              -58.61124742,
              -27.11092445
            ],
            [
              -58.61369722,
              -27.11124569
            ],
            [
              -58.6169093,
              -27.11158595
            ],
            [
              -58.61888833,
              -27.11193207
            ],
            [
              -58.62112396,
              -27.112323
            ],
            [
              -58.62571144,
              -27.11352492
            ],
            [
              -58.62905624,
              -27.11447618
            ],
            [
              -58.63117309,
              -27.11529636
            ],
            [
              -58.63331522,
              -27.11612633
            ],
            [
              -58.63644788,
              -27.11753323
            ],
            [
              -58.64024794,
              -27.1193225
            ],
            [
              -58.6434866,
              -27.12171658
            ],
            [
              -58.64480303,
              -27.12280803
            ],
            [
              -58.6471543,
              -27.12515728
            ],
            [
              -58.64933522,
              -27.12720311
            ],
            [
              -58.65057323,
              -27.12847179
            ],
            [
              -58.65175447,
              -27.12991009
            ],
            [
              -58.65359703,
              -27.13410946
            ],
            [
              -58.65416621,
              -27.13583892
            ],
            [
              -58.65536947,
              -27.13981242
            ],
            [
              -58.65600965,
              -27.14141207
            ],
            [
              -58.65700289,
              -27.14452002
            ],
            [
              -58.657498,
              -27.146109
            ],
            [
              -58.65805506,
              -27.1485666
            ],
            [
              -58.65917642,
              -27.15167474
            ],
            [
              -58.65985977,
              -27.15349102
            ],
            [
              -58.66078514,
              -27.15595056
            ],
            [
              -58.6614286,
              -27.15766085
            ],
            [
              -58.66273662,
              -27.16113697
            ],
            [
              -58.66303749,
              -27.16193656
            ],
            [
              -58.66356512,
              -27.163671
            ],
            [
              -58.66397598,
              -27.1673018
            ],
            [
              -58.66446561,
              -27.16966213
            ],
            [
              -58.66460867,
              -27.17215953
            ],
            [
              -58.6645759,
              -27.17537079
            ],
            [
              -58.66462506,
              -27.17674362
            ],
            [
              -58.66353009,
              -27.18135691
            ],
            [
              -58.66217909,
              -27.18424863
            ],
            [
              -58.66124918,
              -27.1858303
            ],
            [
              -58.65797513,
              -27.1892625
            ],
            [
              -58.65652551,
              -27.19051133
            ],
            [
              -58.65347769,
              -27.19287957
            ],
            [
              -58.65124735,
              -27.19415351
            ],
            [
              -58.64874188,
              -27.19573661
            ],
            [
              -58.64510449,
              -27.19748187
            ],
            [
              -58.64276138,
              -27.19830324
            ],
            [
              -58.64088249,
              -27.19896178
            ],
            [
              -58.6366774,
              -27.20062723
            ],
            [
              -58.63625435,
              -27.20075251
            ],
            [
              -58.63232156,
              -27.20191689
            ],
            [
              -58.62965972,
              -27.202991
            ],
            [
              -58.62745145,
              -27.20409747
            ],
            [
              -58.62369561,
              -27.20551274
            ],
            [
              -58.62177597,
              -27.20602777
            ],
            [
              -58.62024715,
              -27.20674849
            ],
            [
              -58.61695215,
              -27.20800117
            ],
            [
              -58.61309119,
              -27.21006856
            ],
            [
              -58.61135959,
              -27.21099569
            ],
            [
              -58.60703056,
              -27.21331345
            ],
            [
              -58.59743071,
              -27.22090637
            ],
            [
              -58.59559548,
              -27.22313573
            ],
            [
              -58.59462985,
              -27.22690825
            ],
            [
              -58.59420962,
              -27.22830704
            ],
            [
              -58.59484572,
              -27.2346153
            ],
            [
              -58.59478174,
              -27.23963974
            ],
            [
              -58.59439255,
              -27.24594099
            ],
            [
              -58.59346491,
              -27.25566456
            ],
            [
              -58.5931556,
              -27.25807767
            ],
            [
              -58.59439145,
              -27.26220082
            ],
            [
              -58.59619492,
              -27.26641438
            ],
            [
              -58.5981327,
              -27.26919231
            ],
            [
              -58.59817819,
              -27.26925752
            ],
            [
              -58.59992864,
              -27.27176691
            ],
            [
              -58.60537766,
              -27.27775247
            ],
            [
              -58.60769365,
              -27.28299674
            ],
            [
              -58.60875397,
              -27.29062618
            ],
            [
              -58.60962771,
              -27.29197696
            ],
            [
              -58.61620871,
              -27.29970499
            ],
            [
              -58.61878547,
              -27.30531169
            ],
            [
              -58.61891216,
              -27.30967396
            ],
            [
              -58.61641945,
              -27.31876354
            ],
            [
              -58.62361689,
              -27.32778602
            ]
          ],
          [
            [
              -58.48090538,
              -26.96422718
            ],
            [
              -58.48089309,
              -26.96424135
            ]
          ],
          [
            [
              -58.48089309,
              -26.96424135
            ],
            [
              -58.48791719,
              -26.95278348
            ],
            [
              -58.49338995,
              -26.94112412
            ],
            [
              -58.49874374,
              -26.93362882
            ],
            [
              -58.50076628,
              -26.92803709
            ],
            [
              -58.50005244,
              -26.9257766
            ],
            [
              -58.49826785,
              -26.92375406
            ],
            [
              -58.49529352,
              -26.92196946
            ],
            [
              -58.48553773,
              -26.9257766
            ],
            [
              -58.47875627,
              -26.92863195
            ],
            [
              -58.47102302,
              -26.93113039
            ],
            [
              -58.46126723,
              -26.92898887
            ],
            [
              -58.45293912,
              -26.92565763
            ],
            [
              -58.44722841,
              -26.92292125
            ],
            [
              -58.43699673,
              -26.91685362
            ],
            [
              -58.41913927,
              -26.90837697
            ],
            [
              -58.398271,
              -26.89698512
            ],
            [
              -58.39392848,
              -26.89496258
            ],
            [
              -58.38276291,
              -26.89225619
            ],
            [
              -58.38092144,
              -26.89095084
            ],
            [
              -58.38024832,
              -26.88885671
            ],
            [
              -58.37971125,
              -26.88525418
            ],
            [
              -58.37976782,
              -26.87868943
            ],
            [
              -58.37953856,
              -26.87630388
            ],
            [
              -58.37939419,
              -26.87540964
            ],
            [
              -58.37935156,
              -26.87177134
            ],
            [
              -58.37887839,
              -26.86974029
            ],
            [
              -58.37703431,
              -26.86771775
            ],
            [
              -58.37501177,
              -26.8657547
            ],
            [
              -58.37322717,
              -26.86474343
            ],
            [
              -58.36704057,
              -26.86444599
            ],
            [
              -58.36210319,
              -26.86456497
            ],
            [
              -58.35924784,
              -26.8661711
            ],
            [
              -58.35496481,
              -26.86771775
            ],
            [
              -58.34651138,
              -26.87062069
            ],
            [
              -58.34346567,
              -26.87138212
            ],
            [
              -58.34070549,
              -26.87204837
            ],
            [
              -58.33442371,
              -26.87157248
            ],
            [
              -58.32766605,
              -26.86976409
            ],
            [
              -58.32538176,
              -26.86728945
            ],
            [
              -58.32347819,
              -26.8644341
            ],
            [
              -58.32176498,
              -26.86100767
            ],
            [
              -58.32090838,
              -26.85653428
            ],
            [
              -58.32109873,
              -26.85282233
            ],
            [
              -58.32233605,
              -26.8480634
            ],
            [
              -58.32576248,
              -26.84349484
            ],
            [
              -58.32890337,
              -26.83854556
            ],
            [
              -58.33366229,
              -26.83369146
            ],
            [
              -58.33727907,
              -26.83055057
            ],
            [
              -58.34137174,
              -26.82740968
            ],
            [
              -58.34260906,
              -26.82617236
            ],
            [
              -58.34432227,
              -26.82493504
            ],
            [
              -58.34565477,
              -26.82055683
            ],
            [
              -58.34498852,
              -26.81751112
            ],
            [
              -58.34451263,
              -26.81294256
            ],
            [
              -58.34137174,
              -26.80951614
            ],
            [
              -58.33946817,
              -26.80808846
            ],
            [
              -58.3362321,
              -26.80666078
            ],
            [
              -58.3278564,
              -26.80589935
            ],
            [
              -58.31929034,
              -26.80713667
            ],
            [
              -58.31253267,
              -26.80808846
            ],
            [
              -58.30748822,
              -26.80608971
            ],
            [
              -58.30196787,
              -26.80351989
            ],
            [
              -58.29501984,
              -26.80047418
            ],
            [
              -58.28740557,
              -26.79742847
            ],
            [
              -58.28304873,
              -26.7948507
            ],
            [
              -58.28281225,
              -26.79241254
            ],
            [
              -58.28298881,
              -26.79138634
            ],
            [
              -58.28316537,
              -26.79036015
            ],
            [
              -58.28421511,
              -26.7865111
            ],
            [
              -58.28520653,
              -26.78505313
            ],
            [
              -58.28765593,
              -26.7821955
            ],
            [
              -58.28917222,
              -26.77980442
            ],
            [
              -58.29133002,
              -26.77677184
            ],
            [
              -58.29208816,
              -26.77508059
            ],
            [
              -58.29366277,
              -26.77193137
            ],
            [
              -58.29617049,
              -26.76837392
            ],
            [
              -58.29617049,
              -26.76620995
            ],
            [
              -58.29617049,
              -26.76429159
            ],
            [
              -58.29482948,
              -26.75821496
            ],
            [
              -58.28883324,
              -26.75564514
            ],
            [
              -58.28435986,
              -26.75545478
            ],
            [
              -58.2806479,
              -26.75650174
            ],
            [
              -58.2731288,
              -26.76087995
            ],
            [
              -58.26256399,
              -26.76278352
            ],
            [
              -58.25713882,
              -26.76126067
            ],
            [
              -58.25304615,
              -26.75945228
            ],
            [
              -58.2479699,
              -26.75446486
            ],
            [
              -58.24712428,
              -26.75274445
            ],
            [
              -58.24519975,
              -26.74807893
            ],
            [
              -58.24554967,
              -26.74475476
            ],
            [
              -58.24776579,
              -26.73822304
            ],
            [
              -58.24915209,
              -26.73596033
            ],
            [
              -58.25283953,
              -26.72994175
            ],
            [
              -58.25493901,
              -26.72539288
            ],
            [
              -58.25563884,
              -26.72259357
            ],
            [
              -58.25610539,
              -26.72026081
            ],
            [
              -58.25633867,
              -26.7186862
            ],
            [
              -58.25622203,
              -26.71676168
            ],
            [
              -58.25612869,
              -26.71586055
            ],
            [
              -58.25609469,
              -26.71553227
            ],
            [
              -58.25652896,
              -26.71461461
            ],
            [
              -58.25600906,
              -26.71409281
            ],
            [
              -58.25613794,
              -26.71292174
            ],
            [
              -58.25587212,
              -26.71104642
            ],
            [
              -58.25588581,
              -26.70885122
            ],
            [
              -58.25573456,
              -26.70730148
            ],
            [
              -58.25549117,
              -26.70628006
            ],
            [
              -58.25571039,
              -26.70365741
            ],
            [
              -58.25552543,
              -26.70002147
            ],
            [
              -58.25549833,
              -26.69813814
            ],
            [
              -58.25497912,
              -26.69542771
            ],
            [
              -58.25511397,
              -26.69290924
            ],
            [
              -58.25514982,
              -26.69119743
            ],
            [
              -58.25380758,
              -26.67445793
            ],
            [
              -58.25580632,
              -26.67036526
            ],
            [
              -58.26211224,
              -26.66200021
            ],
            [
              -58.26252047,
              -26.66060056
            ],
            [
              -58.26316198,
              -26.65931754
            ],
            [
              -58.26320381,
              -26.65506388
            ],
            [
              -58.26269543,
              -26.65418548
            ],
            [
              -58.26104114,
              -26.64638029
            ],
            [
              -58.25732918,
              -26.64381047
            ],
            [
              -58.25190401,
              -26.64276351
            ],
            [
              -58.2483824,
              -26.64304904
            ],
            [
              -58.23724653,
              -26.64657065
            ],
            [
              -58.23077439,
              -26.65056814
            ],
            [
              -58.2227794,
              -26.65332832
            ],
            [
              -58.21135799,
              -26.65466081
            ],
            [
              -58.20079318,
              -26.65313796
            ],
            [
              -58.19612944,
              -26.65171028
            ],
            [
              -58.1927982,
              -26.64866457
            ],
            [
              -58.19189626,
              -26.64310488
            ],
            [
              -58.19241748,
              -26.63895637
            ],
            [
              -58.19527284,
              -26.63505405
            ],
            [
              -58.20775031,
              -26.62646606
            ],
            [
              -58.2080506,
              -26.6259008
            ],
            [
              -58.21032504,
              -26.62292654
            ],
            [
              -58.21096655,
              -26.62036051
            ],
            [
              -58.20921698,
              -26.61668641
            ],
            [
              -58.20735078,
              -26.61499517
            ],
            [
              -58.20647599,
              -26.61452861
            ],
            [
              -58.20448021,
              -26.61299993
            ],
            [
              -58.203735,
              -26.61242913
            ],
            [
              -58.19825303,
              -26.60881336
            ],
            [
              -58.19504549,
              -26.6036813
            ],
            [
              -58.19382079,
              -26.59930738
            ],
            [
              -58.19341625,
              -26.5943049
            ],
            [
              -58.19407046,
              -26.5920334
            ],
            [
              -58.19457893,
              -26.59026795
            ],
            [
              -58.19531154,
              -26.58824773
            ],
            [
              -58.19650346,
              -26.58496092
            ],
            [
              -58.19661304,
              -26.5831818
            ],
            [
              -58.19677993,
              -26.58047229
            ],
            [
              -58.19684225,
              -26.57946117
            ],
            [
              -58.19707446,
              -26.57772417
            ],
            [
              -58.19584391,
              -26.57137968
            ],
            [
              -58.19698605,
              -26.5650979
            ],
            [
              -58.20260157,
              -26.55729327
            ],
            [
              -58.20764603,
              -26.5527247
            ],
            [
              -58.21812743,
              -26.54828264
            ],
            [
              -58.21878128,
              -26.5475785
            ],
            [
              -58.22082245,
              -26.54472087
            ],
            [
              -58.22204714,
              -26.54314626
            ],
            [
              -58.22373839,
              -26.53993872
            ],
            [
              -58.22426326,
              -26.53713941
            ],
            [
              -58.22417578,
              -26.5355648
            ],
            [
              -58.22391335,
              -26.53302793
            ],
            [
              -58.22496851,
              -26.52778795
            ],
            [
              -58.22468297,
              -26.5249326
            ],
            [
              -58.22078066,
              -26.51903154
            ],
            [
              -58.21773495,
              -26.51541476
            ],
            [
              -58.20936278,
              -26.50824239
            ],
            [
              -58.20845884,
              -26.50663862
            ],
            [
              -58.20670927,
              -26.50337276
            ],
            [
              -58.20682591,
              -26.50063177
            ],
            [
              -58.20752573,
              -26.49748255
            ],
            [
              -58.2083422,
              -26.49590794
            ],
            [
              -58.20985849,
              -26.49421669
            ],
            [
              -58.2135471,
              -26.48838408
            ],
            [
              -58.21611691,
              -26.48743229
            ],
            [
              -58.2205903,
              -26.48391069
            ],
            [
              -58.22592029,
              -26.48200712
            ],
            [
              -58.23222383,
              -26.47803302
            ],
            [
              -58.23236959,
              -26.4773042
            ],
            [
              -58.23261874,
              -26.47267573
            ],
            [
              -58.23254455,
              -26.47030593
            ],
            [
              -58.23161145,
              -26.46873132
            ],
            [
              -58.22904541,
              -26.46721503
            ],
            [
              -58.22572124,
              -26.46610697
            ],
            [
              -58.22268865,
              -26.46575706
            ],
            [
              -58.22012262,
              -26.46581538
            ],
            [
              -58.21830602,
              -26.46430393
            ],
            [
              -58.21640245,
              -26.46306661
            ],
            [
              -58.2095496,
              -26.46430393
            ],
            [
              -58.20402925,
              -26.46477982
            ],
            [
              -58.19584391,
              -26.46411358
            ],
            [
              -58.18899106,
              -26.46306661
            ],
            [
              -58.1861357,
              -26.46144858
            ],
            [
              -58.18232857,
              -26.45944983
            ],
            [
              -58.18042564,
              -26.45683844
            ],
            [
              -58.18221532,
              -26.45362672
            ],
            [
              -58.18461285,
              -26.4494561
            ],
            [
              -58.18813445,
              -26.44536342
            ],
            [
              -58.19165605,
              -26.44069968
            ],
            [
              -58.1949873,
              -26.43736843
            ],
            [
              -58.19869926,
              -26.43365647
            ],
            [
              -58.2025064,
              -26.43013487
            ],
            [
              -58.20517139,
              -26.42480488
            ],
            [
              -58.20850264,
              -26.41976042
            ],
            [
              -58.2223449,
              -26.41103483
            ],
            [
              -58.22240749,
              -26.41032287
            ],
            [
              -58.22209448,
              -26.40579104
            ],
            [
              -58.2223278,
              -26.40268254
            ],
            [
              -58.22229601,
              -26.39993895
            ],
            [
              -58.22158059,
              -26.39758225
            ],
            [
              -58.22023926,
              -26.39425807
            ],
            [
              -58.21936447,
              -26.39169203
            ],
            [
              -58.21935927,
              -26.39168278
            ],
            [
              -58.21778986,
              -26.38889273
            ],
            [
              -58.21627357,
              -26.3869682
            ],
            [
              -58.21459557,
              -26.3851224
            ],
            [
              -58.214524,
              -26.38504368
            ],
            [
              -58.2126578,
              -26.38329411
            ],
            [
              -58.21067496,
              -26.38142791
            ],
            [
              -58.20892539,
              -26.3795617
            ],
            [
              -58.20647599,
              -26.37769549
            ],
            [
              -58.20367669,
              -26.37559601
            ],
            [
              -58.20111065,
              -26.37378813
            ],
            [
              -58.19924445,
              -26.37285502
            ],
            [
              -58.19638682,
              -26.3712221
            ],
            [
              -58.19452062,
              -26.36993908
            ],
            [
              -58.19072989,
              -26.36871438
            ],
            [
              -58.18793058,
              -26.36795624
            ],
            [
              -58.18413985,
              -26.36708145
            ],
            [
              -58.18052408,
              -26.36632331
            ],
            [
              -58.17923637,
              -26.36601177
            ],
            [
              -58.1769083,
              -26.36544852
            ],
            [
              -58.17387572,
              -26.36387391
            ],
            [
              -58.17136801,
              -26.3625909
            ],
            [
              -58.16967676,
              -26.36171611
            ],
            [
              -58.16676081,
              -26.35944167
            ],
            [
              -58.16481573,
              -26.35723375
            ],
            [
              -58.16460301,
              -26.35699228
            ],
            [
              -58.16273681,
              -26.35419297
            ],
            [
              -58.16122051,
              -26.35156862
            ],
            [
              -58.15947095,
              -26.34777789
            ],
            [
              -58.15795465,
              -26.34363725
            ],
            [
              -58.15731315,
              -26.34054635
            ],
            [
              -58.15538862,
              -26.33057381
            ],
            [
              -58.15453484,
              -26.32433152
            ],
            [
              -58.15463245,
              -26.32067382
            ],
            [
              -58.1543022,
              -26.31792926
            ],
            [
              -58.15456247,
              -26.31600176
            ],
            [
              -58.15498039,
              -26.31383628
            ],
            [
              -58.15585517,
              -26.31243663
            ],
            [
              -58.15731315,
              -26.30975396
            ],
            [
              -58.15918697,
              -26.3073774
            ],
            [
              -58.15928937,
              -26.30724753
            ],
            [
              -58.15970422,
              -26.30672137
            ],
            [
              -58.16145379,
              -26.30450525
            ],
            [
              -58.16279512,
              -26.30322224
            ],
            [
              -58.16378655,
              -26.30182258
            ],
            [
              -58.16477797,
              -26.30053957
            ],
            [
              -58.16576939,
              -26.29820681
            ],
            [
              -58.16658585,
              -26.29639893
            ],
            [
              -58.16748149,
              -26.29281637
            ],
            [
              -58.16751896,
              -26.29266651
            ],
            [
              -58.16805092,
              -26.28745327
            ],
            [
              -58.16811625,
              -26.28441668
            ],
            [
              -58.16813146,
              -26.28370937
            ],
            [
              -58.16824566,
              -26.28156073
            ],
            [
              -58.16742012,
              -26.27834465
            ],
            [
              -58.1664109,
              -26.27015541
            ],
            [
              -58.16690966,
              -26.26766528
            ],
            [
              -58.16576752,
              -26.26557135
            ],
            [
              -58.16338806,
              -26.26252564
            ],
            [
              -58.15996163,
              -26.25995582
            ],
            [
              -58.15548825,
              -26.25843297
            ],
            [
              -58.14939683,
              -26.25700529
            ],
            [
              -58.14282951,
              -26.25472101
            ],
            [
              -58.13740434,
              -26.25272226
            ],
            [
              -58.13235989,
              -26.25024762
            ],
            [
              -58.12683954,
              -26.24777298
            ],
            [
              -58.11969375,
              -26.24564814
            ],
            [
              -58.11150841,
              -26.24203136
            ],
            [
              -58.10537291,
              -26.23632699
            ],
            [
              -58.10495005,
              -26.23451809
            ],
            [
              -58.10465117,
              -26.23323954
            ],
            [
              -58.10464715,
              -26.22976982
            ],
            [
              -58.1050594,
              -26.22740765
            ],
            [
              -58.10694724,
              -26.21883874
            ],
            [
              -58.1146567,
              -26.21293767
            ],
            [
              -58.13378756,
              -26.20322947
            ],
            [
              -58.1375947,
              -26.20104037
            ],
            [
              -58.14254398,
              -26.19828019
            ],
            [
              -58.14492344,
              -26.19552002
            ],
            [
              -58.1486354,
              -26.19275984
            ],
            [
              -58.15139557,
              -26.19133217
            ],
            [
              -58.15463164,
              -26.1880961
            ],
            [
              -58.15663039,
              -26.18619253
            ],
            [
              -58.15830457,
              -26.18355182
            ],
            [
              -58.1596761,
              -26.18248057
            ]
          ]
        ]
      },
      "properties": {
        "reach": "Puerto Formosa - Desembocadura",
        "river": "Paraguay",
        "condicion": "aguas medias bajas",
        "percentil": 95,
        "color": "#f6b26b",
        "tendencia": "permanece",
        "level_m": 2.25,
        "level_condicion": "aguas medias bajas",
        "discharge_m3s": 2096.0627,
        "discharge_condicion": null,
        "fecha": "2026-09-21T03:00:00Z"
      }
    },
    {
      "type": "Feature",
      "geometry": {
        "type": "MultiLineString",
        "coordinates": [
          [
            [
              -57.03565827,
              -27.48105628
            ],
            [
              -57.03647226,
              -27.4805951
            ],
            [
              -57.03945557,
              -27.48067678
            ],
            [
              -57.04749133,
              -27.48113506
            ],
            [
              -57.04775678,
              -27.4811502
            ],
            [
              -57.06020307,
              -27.4812654
            ],
            [
              -57.06268052,
              -27.48170617
            ],
            [
              -57.06885123,
              -27.48206918
            ],
            [
              -57.07225307,
              -27.48340924
            ],
            [
              -57.0857728,
              -27.48411682
            ],
            [
              -57.08643209,
              -27.48417528
            ],
            [
              -57.09482557,
              -27.48389908
            ],
            [
              -57.10178934,
              -27.48466153
            ],
            [
              -57.10600826,
              -27.48618645
            ],
            [
              -57.10844812,
              -27.48745721
            ],
            [
              -57.11113837,
              -27.49023346
            ],
            [
              -57.11268909,
              -27.49126281
            ],
            [
              -57.1192486,
              -27.49340348
            ],
            [
              -57.12054772,
              -27.49344618
            ],
            [
              -57.1232906,
              -27.49284523
            ],
            [
              -57.12634042,
              -27.49203194
            ],
            [
              -57.13050256,
              -27.49193851
            ],
            [
              -57.13396498,
              -27.49177779
            ],
            [
              -57.1365065,
              -27.49076118
            ],
            [
              -57.13670806,
              -27.49067873
            ],
            [
              -57.13986131,
              -27.48938876
            ],
            [
              -57.1430128,
              -27.48730471
            ],
            [
              -57.1447101,
              -27.48540352
            ],
            [
              -57.14596096,
              -27.48288247
            ],
            [
              -57.14758753,
              -27.48145922
            ],
            [
              -57.14951909,
              -27.48130673
            ],
            [
              -57.15124732,
              -27.48166254
            ],
            [
              -57.15358552,
              -27.48237416
            ],
            [
              -57.15719448,
              -27.48196752
            ],
            [
              -57.16038142,
              -27.48171574
            ],
            [
              -57.16508446,
              -27.48022398
            ],
            [
              -57.17765876,
              -27.47746369
            ],
            [
              -57.18068336,
              -27.47680691
            ],
            [
              -57.18219231,
              -27.47647924
            ],
            [
              -57.18637113,
              -27.47627452
            ],
            [
              -57.20741015,
              -27.4728627
            ],
            [
              -57.21432786,
              -27.47134397
            ],
            [
              -57.22088498,
              -27.47063234
            ],
            [
              -57.22540888,
              -27.47037819
            ],
            [
              -57.23069525,
              -27.46880245
            ],
            [
              -57.23435504,
              -27.46682006
            ],
            [
              -57.23786233,
              -27.46412605
            ],
            [
              -57.23987231,
              -27.46182431
            ],
            [
              -57.24101382,
              -27.46051709
            ],
            [
              -57.24264039,
              -27.45792474
            ],
            [
              -57.24386032,
              -27.45533239
            ],
            [
              -57.24604603,
              -27.45304502
            ],
            [
              -57.24955333,
              -27.45065599
            ],
            [
              -57.25321312,
              -27.44872444
            ],
            [
              -57.26073602,
              -27.44501382
            ],
            [
              -57.26490411,
              -27.44272645
            ],
            [
              -57.26785227,
              -27.44084572
            ],
            [
              -57.27526725,
              -27.43420743
            ],
            [
              -57.27629012,
              -27.43230621
            ],
            [
              -57.27964493,
              -27.430273
            ],
            [
              -57.28752364,
              -27.42798563
            ],
            [
              -57.29555485,
              -27.42681653
            ],
            [
              -57.30221363,
              -27.42554577
            ],
            [
              -57.30810996,
              -27.42203847
            ],
            [
              -57.31246586,
              -27.41889058
            ],
            [
              -57.31532803,
              -27.41614566
            ],
            [
              -57.31761524,
              -27.41410893
            ],
            [
              -57.32198666,
              -27.41136409
            ],
            [
              -57.32651056,
              -27.40983918
            ],
            [
              -57.33286436,
              -27.40943253
            ],
            [
              -57.33850654,
              -27.41009333
            ],
            [
              -57.34430004,
              -27.41143925
            ],
            [
              -57.34857096,
              -27.41273651
            ],
            [
              -57.35212909,
              -27.41370229
            ],
            [
              -57.36509281,
              -27.41778893
            ],
            [
              -57.37205461,
              -27.41949695
            ],
            [
              -57.38308481,
              -27.42137768
            ],
            [
              -57.3860838,
              -27.42168266
            ],
            [
              -57.387628,
              -27.42156742
            ],
            [
              -57.38948944,
              -27.42142851
            ],
            [
              -57.39253926,
              -27.42071688
            ],
            [
              -57.39569075,
              -27.42081854
            ],
            [
              -57.40130233,
              -27.42243232
            ],
            [
              -57.40244626,
              -27.42278888
            ],
            [
              -57.40674379,
              -27.42412839
            ],
            [
              -57.41317641,
              -27.42635906
            ],
            [
              -57.41927605,
              -27.42890058
            ],
            [
              -57.42354581,
              -27.43103545
            ],
            [
              -57.43132286,
              -27.43484774
            ],
            [
              -57.43524481,
              -27.43720935
            ],
            [
              -57.43900487,
              -27.43828166
            ],
            [
              -57.44789357,
              -27.43871085
            ],
            [
              -57.45312911,
              -27.43972745
            ],
            [
              -57.45936767,
              -27.44139219
            ],
            [
              -57.46329519,
              -27.44191316
            ],
            [
              -57.47434844,
              -27.44418734
            ],
            [
              -57.4812986,
              -27.44475069
            ],
            [
              -57.4835846,
              -27.44478929
            ],
            [
              -57.49282765,
              -27.44547129
            ],
            [
              -57.49902896,
              -27.44542046
            ],
            [
              -57.50350204,
              -27.44481049
            ],
            [
              -57.50751764,
              -27.44420053
            ],
            [
              -57.51308395,
              -27.44242609
            ],
            [
              -57.51687043,
              -27.44079489
            ],
            [
              -57.52108936,
              -27.43901583
            ],
            [
              -57.52662987,
              -27.43683012
            ],
            [
              -57.53313616,
              -27.43510189
            ],
            [
              -57.53827004,
              -27.43423777
            ],
            [
              -57.54208581,
              -27.43312299
            ],
            [
              -57.54350557,
              -27.43296701
            ],
            [
              -57.54726702,
              -27.43098462
            ],
            [
              -57.55113013,
              -27.42829061
            ],
            [
              -57.55407829,
              -27.42539328
            ],
            [
              -57.55646732,
              -27.42264844
            ],
            [
              -57.5579978,
              -27.42036926
            ],
            [
              -57.56088957,
              -27.41670128
            ],
            [
              -57.56510849,
              -27.41283817
            ],
            [
              -57.56912409,
              -27.41085578
            ],
            [
              -57.57174425,
              -27.41063526
            ],
            [
              -57.57340775,
              -27.41046595
            ],
            [
              -57.57507125,
              -27.41029665
            ],
            [
              -57.57751111,
              -27.40948336
            ],
            [
              -57.58045927,
              -27.40729765
            ],
            [
              -57.58274664,
              -27.40526444
            ],
            [
              -57.58554983,
              -27.40315583
            ],
            [
              -57.5860058,
              -27.40281284
            ],
            [
              -57.58759027,
              -27.40245061
            ],
            [
              -57.59189611,
              -27.40063887
            ],
            [
              -57.59626753,
              -27.39982559
            ],
            [
              -57.60189988,
              -27.39890285
            ],
            [
              -57.60496275,
              -27.39783623
            ],
            [
              -57.60684025,
              -27.3971824
            ],
            [
              -57.60978842,
              -27.39570832
            ],
            [
              -57.61243371,
              -27.39343616
            ],
            [
              -57.61312663,
              -27.39307656
            ],
            [
              -57.61619305,
              -27.39062528
            ],
            [
              -57.61957814,
              -27.38791821
            ],
            [
              -57.62153024,
              -27.38671134
            ],
            [
              -57.62605415,
              -27.38381401
            ],
            [
              -57.63357705,
              -27.37852764
            ],
            [
              -57.63571192,
              -27.37700273
            ],
            [
              -57.64038832,
              -27.37446121
            ],
            [
              -57.6453697,
              -27.3722755
            ],
            [
              -57.64994444,
              -27.36953066
            ],
            [
              -57.65243513,
              -27.36719246
            ],
            [
              -57.65451918,
              -27.36465094
            ],
            [
              -57.65533246,
              -27.36338018
            ],
            [
              -57.65777232,
              -27.36058451
            ],
            [
              -57.66056799,
              -27.35636559
            ],
            [
              -57.66361782,
              -27.35143504
            ],
            [
              -57.66844671,
              -27.34360716
            ],
            [
              -57.67063241,
              -27.34081148
            ],
            [
              -57.67297061,
              -27.33893076
            ],
            [
              -57.6761221,
              -27.33725335
            ],
            [
              -57.68023936,
              -27.33588093
            ],
            [
              -57.68237424,
              -27.33547429
            ],
            [
              -57.68557655,
              -27.3341527
            ],
            [
              -57.68806724,
              -27.33211948
            ],
            [
              -57.69208285,
              -27.32927298
            ],
            [
              -57.69701339,
              -27.32688395
            ],
            [
              -57.70067318,
              -27.325969
            ],
            [
              -57.70534958,
              -27.32556236
            ],
            [
              -57.70941875,
              -27.32691174
            ],
            [
              -57.71889879,
              -27.32582943
            ],
            [
              -57.72413361,
              -27.32630532
            ],
            [
              -57.72556128,
              -27.32892273
            ],
            [
              -57.72889253,
              -27.33035041
            ],
            [
              -57.74150367,
              -27.33225398
            ],
            [
              -57.74626259,
              -27.3339196
            ],
            [
              -57.75989061,
              -27.33730419
            ],
            [
              -57.76675271,
              -27.33826996
            ],
            [
              -57.7744281,
              -27.34004903
            ],
            [
              -57.78088379,
              -27.34147325
            ],
            [
              -57.79495041,
              -27.34148567
            ],
            [
              -57.7984219,
              -27.34078408
            ],
            [
              -57.80529103,
              -27.33939583
            ],
            [
              -57.8137008,
              -27.33719731
            ],
            [
              -57.81467952,
              -27.33659061
            ],
            [
              -57.8163088,
              -27.33597839
            ],
            [
              -57.8173798,
              -27.33557595
            ],
            [
              -57.81961634,
              -27.33430519
            ],
            [
              -57.82408941,
              -27.33049291
            ],
            [
              -57.8272409,
              -27.32754475
            ],
            [
              -57.83019774,
              -27.32314432
            ],
            [
              -57.83123098,
              -27.32205264
            ],
            [
              -57.8381186,
              -27.31407469
            ],
            [
              -57.8416259,
              -27.30878833
            ],
            [
              -57.84405198,
              -27.30342245
            ],
            [
              -57.84497667,
              -27.30179554
            ],
            [
              -57.84758233,
              -27.2965934
            ],
            [
              -57.85047039,
              -27.29206512
            ],
            [
              -57.85255444,
              -27.288507
            ],
            [
              -57.85411156,
              -27.28630871
            ],
            [
              -57.85601091,
              -27.28362728
            ],
            [
              -57.85890824,
              -27.28098409
            ],
            [
              -57.86241554,
              -27.27859507
            ],
            [
              -57.86773022,
              -27.27629367
            ],
            [
              -57.87355126,
              -27.27296608
            ],
            [
              -57.87440318,
              -27.2727287
            ],
            [
              -57.88173109,
              -27.2699539
            ],
            [
              -57.89133804,
              -27.26771736
            ],
            [
              -57.89703104,
              -27.2669549
            ],
            [
              -57.90221575,
              -27.26654826
            ],
            [
              -57.90859779,
              -27.26615672
            ],
            [
              -57.91243266,
              -27.26588746
            ],
            [
              -57.92259874,
              -27.26482003
            ],
            [
              -57.9273768,
              -27.26436255
            ],
            [
              -57.93230735,
              -27.2641084
            ],
            [
              -57.93545883,
              -27.26487086
            ],
            [
              -57.94155848,
              -27.26690407
            ],
            [
              -57.95147041,
              -27.27081801
            ],
            [
              -57.95929829,
              -27.27412199
            ],
            [
              -57.9608232,
              -27.27442697
            ],
            [
              -57.96509296,
              -27.27508777
            ],
            [
              -57.97098929,
              -27.27498611
            ],
            [
              -57.97632648,
              -27.27402033
            ],
            [
              -57.97973212,
              -27.27290206
            ],
            [
              -57.98603509,
              -27.27036054
            ],
            [
              -57.99162643,
              -27.26705656
            ],
            [
              -57.99615546,
              -27.26416096
            ],
            [
              -58.00348233,
              -27.26753264
            ],
            [
              -58.00800331,
              -27.26705674
            ],
            [
              -58.01395196,
              -27.26539112
            ],
            [
              -58.01680731,
              -27.26277371
            ],
            [
              -58.02090474,
              -27.25907619
            ],
            [
              -58.02649609,
              -27.25902536
            ],
            [
              -58.03412065,
              -27.25933034
            ],
            [
              -58.04616746,
              -27.26014363
            ],
            [
              -58.05208282,
              -27.26029338
            ],
            [
              -58.05419866,
              -27.26034695
            ],
            [
              -58.05654431,
              -27.26045198
            ],
            [
              -58.0576043,
              -27.26049944
            ],
            [
              -58.06075578,
              -27.26065193
            ],
            [
              -58.06370395,
              -27.26105858
            ],
            [
              -58.06716041,
              -27.26192269
            ],
            [
              -58.07076937,
              -27.26385425
            ],
            [
              -58.07326006,
              -27.2657858
            ],
            [
              -58.07716098,
              -27.26926021
            ],
            [
              -58.08048403,
              -27.2717602
            ],
            [
              -58.08444275,
              -27.27391867
            ],
            [
              -58.08815337,
              -27.27503694
            ],
            [
              -58.09216897,
              -27.27574856
            ],
            [
              -58.09587959,
              -27.27615521
            ],
            [
              -58.1039108,
              -27.27635853
            ],
            [
              -58.1114337,
              -27.27615521
            ],
            [
              -58.1181999,
              -27.27557566
            ],
            [
              -58.12140286,
              -27.27561881
            ],
            [
              -58.12214264,
              -27.27557506
            ],
            [
              -58.12952932,
              -27.27615521
            ],
            [
              -58.13649309,
              -27.276816
            ],
            [
              -58.14360935,
              -27.27813759
            ],
            [
              -58.14940401,
              -27.27884922
            ],
            [
              -58.15479203,
              -27.27910337
            ],
            [
              -58.15882859,
              -27.27877722
            ],
            [
              -58.1599781,
              -27.27888452
            ],
            [
              -58.16236577,
              -27.27839174
            ],
            [
              -58.16714382,
              -27.2779851
            ],
            [
              -58.17202354,
              -27.27757846
            ],
            [
              -58.17512861,
              -27.27780152
            ],
            [
              -58.17766943,
              -27.27778125
            ],
            [
              -58.18034581,
              -27.27835551
            ],
            [
              -58.18235684,
              -27.2788167
            ],
            [
              -58.18476621,
              -27.27927359
            ],
            [
              -58.18690831,
              -27.27973474
            ],
            [
              -58.18809717,
              -27.28004972
            ],
            [
              -58.18869981,
              -27.28019506
            ],
            [
              -58.1913391,
              -27.2808316
            ],
            [
              -58.19433809,
              -27.28052662
            ],
            [
              -58.19698127,
              -27.27996749
            ],
            [
              -58.20013276,
              -27.27879839
            ],
            [
              -58.2030306,
              -27.27741843
            ],
            [
              -58.20592742,
              -27.27585022
            ],
            [
              -58.20995782,
              -27.27404319
            ],
            [
              -58.21299285,
              -27.27300372
            ],
            [
              -58.21721177,
              -27.271123
            ],
            [
              -58.22331142,
              -27.26924227
            ],
            [
              -58.22864862,
              -27.26797151
            ],
            [
              -58.23490076,
              -27.2657858
            ],
            [
              -58.23850971,
              -27.26370176
            ],
            [
              -58.24313528,
              -27.26202435
            ],
            [
              -58.24674424,
              -27.26151605
            ],
            [
              -58.24948908,
              -27.26166854
            ],
            [
              -58.25218309,
              -27.26192269
            ],
            [
              -58.25706281,
              -27.26278681
            ],
            [
              -58.26194253,
              -27.26354927
            ],
            [
              -58.26738138,
              -27.26431172
            ],
            [
              -58.26849965,
              -27.26471836
            ],
            [
              -58.27292126,
              -27.26582426
            ],
            [
              -58.27594301,
              -27.26748767
            ],
            [
              -58.27896193,
              -27.2690697
            ],
            [
              -58.28069895,
              -27.27076718
            ],
            [
              -58.28496871,
              -27.27285123
            ],
            [
              -58.29086503,
              -27.27498611
            ],
            [
              -58.29502579,
              -27.27593361
            ],
            [
              -58.2959989,
              -27.27615521
            ],
            [
              -58.2995062,
              -27.27676517
            ],
            [
              -58.30458924,
              -27.27707015
            ],
            [
              -58.31007893,
              -27.27707015
            ],
            [
              -58.31500948,
              -27.27727348
            ],
            [
              -58.31978753,
              -27.27773095
            ],
            [
              -58.32527722,
              -27.2786459
            ],
            [
              -58.32954697,
              -27.27951001
            ],
            [
              -58.33386756,
              -27.27996749
            ],
            [
              -58.3389506,
              -27.2803233
            ],
            [
              -58.34667682,
              -27.28103493
            ],
            [
              -58.35257315,
              -27.28184821
            ],
            [
              -58.35720244,
              -27.28280743
            ],
            [
              -58.35821532,
              -27.28301731
            ],
            [
              -58.36074884,
              -27.28335984
            ],
            [
              -58.36472916,
              -27.28551021
            ],
            [
              -58.36583988,
              -27.28713457
            ],
            [
              -58.36833057,
              -27.2890153
            ],
            [
              -58.37061316,
              -27.28991945
            ],
            [
              -58.37092228,
              -27.29015108
            ],
            [
              -58.37168876,
              -27.29040627
            ],
            [
              -58.37285448,
              -27.29079436
            ],
            [
              -58.37565015,
              -27.29054021
            ],
            [
              -58.37814084,
              -27.2901844
            ],
            [
              -58.38134316,
              -27.28947277
            ],
            [
              -58.38464713,
              -27.2890153
            ],
            [
              -58.38896772,
              -27.28865949
            ],
            [
              -58.39283083,
              -27.2883545
            ],
            [
              -58.3967956,
              -27.28840533
            ],
            [
              -58.40096369,
              -27.28871032
            ],
            [
              -58.40350521,
              -27.28906613
            ],
            [
              -58.4076495,
              -27.28940239
            ],
            [
              -58.4100691,
              -27.28998281
            ],
            [
              -58.41296761,
              -27.29018241
            ],
            [
              -58.4155881,
              -27.29001325
            ],
            [
              -58.41684899,
              -27.29009664
            ],
            [
              -58.41965816,
              -27.28945331
            ],
            [
              -58.42105381,
              -27.28876669
            ],
            [
              -58.42268109,
              -27.28839556
            ],
            [
              -58.42701425,
              -27.28720979
            ],
            [
              -58.43125861,
              -27.28535551
            ],
            [
              -58.43547754,
              -27.2838306
            ],
            [
              -58.43832404,
              -27.28276316
            ],
            [
              -58.44186439,
              -27.28207898
            ],
            [
              -58.44381373,
              -27.28128908
            ],
            [
              -58.44757518,
              -27.28062828
            ],
            [
              -58.45362399,
              -27.27934905
            ],
            [
              -58.45633495,
              -27.27826467
            ],
            [
              -58.45979142,
              -27.27670587
            ],
            [
              -58.4639934,
              -27.27521484
            ],
            [
              -58.47097411,
              -27.27263944
            ],
            [
              -58.47659934,
              -27.27094509
            ],
            [
              -58.48288536,
              -27.27044526
            ],
            [
              -58.48786674,
              -27.27044526
            ],
            [
              -58.49350892,
              -27.27064858
            ],
            [
              -58.49701622,
              -27.2713602
            ],
            [
              -58.49910026,
              -27.2725293
            ],
            [
              -58.50062518,
              -27.27374923
            ],
            [
              -58.5025059,
              -27.27654491
            ],
            [
              -58.50377666,
              -27.27923892
            ],
            [
              -58.50526953,
              -27.28239873
            ],
            [
              -58.50580988,
              -27.28350867
            ],
            [
              -58.50626602,
              -27.28401745
            ],
            [
              -58.51227058,
              -27.2849027
            ],
            [
              -58.52083664,
              -27.28656832
            ],
            [
              -58.52345405,
              -27.28847189
            ],
            [
              -58.53053379,
              -27.29362392
            ],
            [
              -58.53424441,
              -27.29418306
            ],
            [
              -58.53874887,
              -27.29437784
            ],
            [
              -58.54044572,
              -27.29413223
            ],
            [
              -58.54313973,
              -27.29387807
            ],
            [
              -58.5464437,
              -27.29397974
            ],
            [
              -58.54974768,
              -27.29479302
            ],
            [
              -58.55289917,
              -27.29601295
            ],
            [
              -58.55823636,
              -27.29855447
            ],
            [
              -58.56265786,
              -27.30111456
            ],
            [
              -58.56642005,
              -27.30389166
            ],
            [
              -58.57389212,
              -27.30948301
            ],
            [
              -58.57917849,
              -27.31395609
            ],
            [
              -58.58563395,
              -27.31817501
            ],
            [
              -58.59031035,
              -27.32010656
            ],
            [
              -58.5929027,
              -27.32081819
            ],
            [
              -58.5962575,
              -27.32137732
            ],
            [
              -58.60174719,
              -27.32168231
            ],
            [
              -58.60571196,
              -27.32147899
            ],
            [
              -58.60825348,
              -27.32102151
            ],
            [
              -58.61012591,
              -27.32045894
            ],
            [
              -58.61206576,
              -27.31990324
            ],
            [
              -58.61501392,
              -27.31878497
            ],
            [
              -58.616488,
              -27.31863248
            ],
            [
              -58.62342988,
              -27.32765924
            ],
            [
              -58.63095093,
              -27.34347343
            ],
            [
              -58.63832887,
              -27.34459148
            ],
            [
              -58.65888767,
              -27.35189983
            ],
            [
              -58.67357464,
              -27.35298503
            ],
            [
              -58.68190275,
              -27.35967726
            ],
            [
              -58.69185656,
              -27.36212525
            ],
            [
              -58.74183542,
              -27.38421545
            ],
            [
              -58.7470405,
              -27.39001539
            ],
            [
              -58.75373273,
              -27.39700506
            ],
            [
              -58.76042496,
              -27.40399472
            ],
            [
              -58.78302984,
              -27.42273298
            ],
            [
              -58.79329127,
              -27.43135853
            ],
            [
              -58.81708588,
              -27.43700975
            ],
            [
              -58.82675244,
              -27.44518914
            ],
            [
              -58.84028562,
              -27.45619415
            ],
            [
              -58.84830934,
              -27.45929119
            ]
          ],
          [
            [
              -57.03565827,
              -27.48105628
            ],
            [
              -57.03607941,
              -27.47915459
            ],
            [
              -57.02897011,
              -27.47884632
            ],
            [
              -57.02200317,
              -27.47854423
            ],
            [
              -57.01098251,
              -27.47364807
            ],
            [
              -57.00098193,
              -27.46953008
            ],
            [
              -57,
              -27.46912575
            ],
            [
              -56.99556484,
              -27.46701842
            ],
            [
              -56.99465209,
              -27.46658473
            ],
            [
              -56.99393845,
              -27.46624565
            ],
            [
              -56.99305966,
              -27.46530231
            ],
            [
              -56.99152374,
              -27.46365356
            ],
            [
              -56.99119568,
              -27.46330261
            ],
            [
              -56.98987198,
              -27.45980835
            ],
            [
              -56.98855591,
              -27.45705223
            ],
            [
              -56.98372269,
              -27.45236778
            ],
            [
              -56.98042679,
              -27.44961166
            ],
            [
              -56.97504425,
              -27.44694519
            ],
            [
              -56.9695549,
              -27.44676018
            ],
            [
              -56.96920866,
              -27.446579
            ],
            [
              -56.96836586,
              -27.446138
            ],
            [
              -56.96357783,
              -27.4436326
            ],
            [
              -56.96340561,
              -27.44354248
            ],
            [
              -56.96283382,
              -27.44337386
            ],
            [
              -56.95966721,
              -27.44244003
            ],
            [
              -56.95560074,
              -27.44059944
            ],
            [
              -56.95396042,
              -27.43940353
            ],
            [
              -56.95077133,
              -27.43802643
            ],
            [
              -56.94890594,
              -27.4350853
            ],
            [
              -56.94649124,
              -27.43314934
            ],
            [
              -56.94454883,
              -27.43058195
            ],
            [
              -56.9444046,
              -27.43039131
            ],
            [
              -56.94242859,
              -27.42965698
            ],
            [
              -56.94168794,
              -27.42972256
            ],
            [
              -56.94132996,
              -27.42975426
            ],
            [
              -56.93792725,
              -27.42827797
            ],
            [
              -56.93584061,
              -27.42763329
            ],
            [
              -56.93408966,
              -27.42643738
            ],
            [
              -56.93118286,
              -27.42601395
            ],
            [
              -56.92969131,
              -27.42579651
            ],
            [
              -56.92683411,
              -27.42441177
            ],
            [
              -56.92595673,
              -27.42404556
            ],
            [
              -56.92266083,
              -27.42257309
            ],
            [
              -56.91899872,
              -27.42250252
            ],
            [
              -56.915699,
              -27.42360496
            ],
            [
              -56.91375215,
              -27.42360496
            ],
            [
              -56.91097641,
              -27.42360496
            ],
            [
              -56.91000868,
              -27.42348549
            ],
            [
              -56.90570831,
              -27.42295456
            ],
            [
              -56.90243023,
              -27.42246737
            ],
            [
              -56.90197372,
              -27.42239952
            ],
            [
              -56.90165362,
              -27.42246232
            ],
            [
              -56.89930971,
              -27.42292216
            ],
            [
              -56.8973617,
              -27.42330433
            ],
            [
              -56.89637375,
              -27.42349815
            ],
            [
              -56.89424599,
              -27.42421036
            ],
            [
              -56.89362717,
              -27.4244175
            ],
            [
              -56.8934933,
              -27.42443539
            ],
            [
              -56.89043241,
              -27.42484454
            ],
            [
              -56.89021683,
              -27.42487335
            ],
            [
              -56.88996654,
              -27.42460879
            ],
            [
              -56.88981158,
              -27.424445
            ],
            [
              -56.88934708,
              -27.42395401
            ],
            [
              -56.88851394,
              -27.42400803
            ],
            [
              -56.88662709,
              -27.42413037
            ],
            [
              -56.8858732,
              -27.42417926
            ],
            [
              -56.88548917,
              -27.42420416
            ],
            [
              -56.88516998,
              -27.42422485
            ],
            [
              -56.88463509,
              -27.42446409
            ],
            [
              -56.88244643,
              -27.42544302
            ],
            [
              -56.87902069,
              -27.42697525
            ],
            [
              -56.87755836,
              -27.42765866
            ],
            [
              -56.87528229,
              -27.42872238
            ],
            [
              -56.87269211,
              -27.43006897
            ],
            [
              -56.87125447,
              -27.43081812
            ],
            [
              -56.87088394,
              -27.4310112
            ],
            [
              -56.86864287,
              -27.43254727
            ],
            [
              -56.86634499,
              -27.43412227
            ],
            [
              -56.86539078,
              -27.43477631
            ],
            [
              -56.8639139,
              -27.435843
            ],
            [
              -56.86136082,
              -27.43768701
            ],
            [
              -56.8604393,
              -27.43835258
            ],
            [
              -56.85993161,
              -27.43887588
            ],
            [
              -56.85983467,
              -27.4389758
            ],
            [
              -56.85932354,
              -27.43950265
            ],
            [
              -56.85758591,
              -27.44129372
            ],
            [
              -56.85754243,
              -27.44132226
            ],
            [
              -56.85395431,
              -27.4436779
            ],
            [
              -56.8512001,
              -27.44771957
            ],
            [
              -56.84515381,
              -27.45350075
            ],
            [
              -56.84473369,
              -27.45396998
            ],
            [
              -56.84266129,
              -27.45628461
            ],
            [
              -56.84027481,
              -27.45895004
            ],
            [
              -56.83686829,
              -27.46133614
            ],
            [
              -56.83390427,
              -27.46307945
            ],
            [
              -56.83346176,
              -27.46372032
            ],
            [
              -56.83236313,
              -27.46426964
            ],
            [
              -56.83124734,
              -27.46621349
            ],
            [
              -56.83115005,
              -27.46638298
            ],
            [
              -56.8304449,
              -27.46680363
            ],
            [
              -56.82914216,
              -27.46758076
            ],
            [
              -56.82806778,
              -27.46822166
            ],
            [
              -56.82477071,
              -27.46980641
            ],
            [
              -56.82234955,
              -27.47097015
            ],
            [
              -56.8179512,
              -27.47372055
            ],
            [
              -56.81684632,
              -27.47420112
            ],
            [
              -56.81542969,
              -27.47481728
            ],
            [
              -56.81026077,
              -27.47582245
            ],
            [
              -56.80672207,
              -27.4766904
            ],
            [
              -56.80541611,
              -27.47701073
            ],
            [
              -56.80321884,
              -27.47848129
            ],
            [
              -56.79827118,
              -27.48141289
            ],
            [
              -56.79056549,
              -27.4872818
            ],
            [
              -56.78498077,
              -27.49147034
            ],
            [
              -56.78333282,
              -27.49385643
            ],
            [
              -56.77695868,
              -27.49663364
            ],
            [
              -56.77618408,
              -27.49697113
            ],
            [
              -56.77530604,
              -27.49725466
            ],
            [
              -56.77407403,
              -27.49765248
            ],
            [
              -56.77395606,
              -27.49769058
            ],
            [
              -56.77167129,
              -27.49842834
            ],
            [
              -56.76924896,
              -27.50008202
            ],
            [
              -56.76864734,
              -27.50043986
            ],
            [
              -56.7661705,
              -27.50191307
            ],
            [
              -56.76375198,
              -27.50273895
            ],
            [
              -56.76353073,
              -27.50337791
            ],
            [
              -56.7606463,
              -27.5033075
            ],
            [
              -56.75946808,
              -27.50327873
            ],
            [
              -56.75876617,
              -27.50372887
            ],
            [
              -56.7569313,
              -27.50502205
            ],
            [
              -56.75231552,
              -27.50611496
            ],
            [
              -56.7492238,
              -27.50594853
            ],
            [
              -56.74703598,
              -27.50583076
            ],
            [
              -56.74492029,
              -27.50526302
            ],
            [
              -56.74220276,
              -27.50453377
            ],
            [
              -56.73752916,
              -27.50395106
            ],
            [
              -56.7347374,
              -27.50360298
            ],
            [
              -56.73458955,
              -27.50356369
            ],
            [
              -56.73369049,
              -27.50332476
            ],
            [
              -56.7305603,
              -27.5024929
            ],
            [
              -56.72925706,
              -27.50217569
            ],
            [
              -56.72896957,
              -27.50210571
            ]
          ],
          [
            [
              -57.0301952,
              -27.48424167
            ],
            [
              -57.03402987,
              -27.48459126
            ],
            [
              -57.0348587,
              -27.48466682
            ],
            [
              -57.03499504,
              -27.48405117
            ],
            [
              -57.03565827,
              -27.48105628
            ]
          ],
          [
            [
              -57.0301952,
              -27.48424167
            ],
            [
              -57.03287668,
              -27.48236342
            ],
            [
              -57.03431399,
              -27.48181791
            ],
            [
              -57.03565827,
              -27.48105628
            ],
            [
              -57.03565827,
              -27.48105628
            ]
          ],
          [
            [
              -56.77459335,
              -27.56817436
            ],
            [
              -56.77494049,
              -27.5682354
            ],
            [
              -56.78032303,
              -27.56980896
            ],
            [
              -56.78048065,
              -27.56982317
            ],
            [
              -56.78289211,
              -27.57004052
            ],
            [
              -56.78489386,
              -27.57022095
            ],
            [
              -56.78623756,
              -27.57034206
            ],
            [
              -56.78658676,
              -27.57037353
            ],
            [
              -56.78977966,
              -27.57175255
            ],
            [
              -56.7917914,
              -27.57215954
            ],
            [
              -56.79207909,
              -27.57221774
            ],
            [
              -56.79423904,
              -27.57265472
            ],
            [
              -56.79720306,
              -27.5731163
            ],
            [
              -56.79786266,
              -27.57336651
            ],
            [
              -56.79962158,
              -27.57403374
            ],
            [
              -56.80030724,
              -27.57445095
            ],
            [
              -56.80083466,
              -27.57477188
            ],
            [
              -56.80215454,
              -27.57561874
            ],
            [
              -56.80727005,
              -27.57796478
            ],
            [
              -56.81096268,
              -27.58104896
            ],
            [
              -56.81143037,
              -27.58125072
            ],
            [
              -56.81352697,
              -27.58215513
            ],
            [
              -56.81738281,
              -27.58381844
            ],
            [
              -56.81852532,
              -27.58490104
            ],
            [
              -56.81970457,
              -27.58601847
            ],
            [
              -56.8203531,
              -27.586633
            ],
            [
              -56.82131195,
              -27.58754158
            ],
            [
              -56.82169291,
              -27.58802209
            ],
            [
              -56.82333374,
              -27.5900917
            ],
            [
              -56.82462845,
              -27.59213672
            ],
            [
              -56.82474899,
              -27.59232712
            ],
            [
              -56.82482852,
              -27.59234808
            ],
            [
              -56.82594299,
              -27.59264183
            ],
            [
              -56.82856369,
              -27.59477425
            ],
            [
              -56.8323288,
              -27.59578705
            ],
            [
              -56.84019089,
              -27.5959034
            ],
            [
              -56.84186735,
              -27.59551313
            ],
            [
              -56.84207535,
              -27.59546471
            ],
            [
              -56.84228643,
              -27.59536287
            ],
            [
              -56.84555435,
              -27.59378624
            ],
            [
              -56.84627151,
              -27.59272003
            ],
            [
              -56.852108,
              -27.59209442
            ],
            [
              -56.85580826,
              -27.59028816
            ],
            [
              -56.86343384,
              -27.58605385
            ],
            [
              -56.86808014,
              -27.58446121
            ],
            [
              -56.87137604,
              -27.58252907
            ],
            [
              -56.87253189,
              -27.58174324
            ],
            [
              -56.87306595,
              -27.58129883
            ],
            [
              -56.87379456,
              -27.58057594
            ],
            [
              -56.87439728,
              -27.57990074
            ],
            [
              -56.8753624,
              -27.57728577
            ],
            [
              -56.87719345,
              -27.57414246
            ],
            [
              -56.87879944,
              -27.57013512
            ],
            [
              -56.8826828,
              -27.5647068
            ],
            [
              -56.88314056,
              -27.56174469
            ],
            [
              -56.88405991,
              -27.56079674
            ],
            [
              -56.88542938,
              -27.55802917
            ],
            [
              -56.88645935,
              -27.55612183
            ],
            [
              -56.88759994,
              -27.5542202
            ],
            [
              -56.88954925,
              -27.55212021
            ],
            [
              -56.89319992,
              -27.55012321
            ],
            [
              -56.89617538,
              -27.54750633
            ],
            [
              -56.89978027,
              -27.54437828
            ],
            [
              -56.90158462,
              -27.54269409
            ],
            [
              -56.90208054,
              -27.5404892
            ],
            [
              -56.9015007,
              -27.53818321
            ],
            [
              -56.90253067,
              -27.53718948
            ],
            [
              -56.90450287,
              -27.53657913
            ],
            [
              -56.90591049,
              -27.53553581
            ],
            [
              -56.90968704,
              -27.53202248
            ],
            [
              -56.91593933,
              -27.5302639
            ],
            [
              -56.92100143,
              -27.52843666
            ],
            [
              -56.9274292,
              -27.52759743
            ],
            [
              -56.93317032,
              -27.52576256
            ],
            [
              -56.93642807,
              -27.52393532
            ],
            [
              -56.93874359,
              -27.52202225
            ],
            [
              -56.94225693,
              -27.51858139
            ],
            [
              -56.94418716,
              -27.51719475
            ],
            [
              -56.94534683,
              -27.51636505
            ],
            [
              -56.94886398,
              -27.51544762
            ],
            [
              -56.9522934,
              -27.51399612
            ],
            [
              -56.95490265,
              -27.51222038
            ],
            [
              -56.95901871,
              -27.5077095
            ],
            [
              -56.95996094,
              -27.50602722
            ],
            [
              -56.96167755,
              -27.5036602
            ],
            [
              -56.96279144,
              -27.50128937
            ],
            [
              -56.96570206,
              -27.49616623
            ],
            [
              -56.96938705,
              -27.49318314
            ],
            [
              -56.96981811,
              -27.49242401
            ],
            [
              -56.97264481,
              -27.49112129
            ],
            [
              -56.97787476,
              -27.48990059
            ],
            [
              -56.98190308,
              -27.48959351
            ],
            [
              -56.98224258,
              -27.48928833
            ],
            [
              -56.9845581,
              -27.48775673
            ],
            [
              -56.98669815,
              -27.48661232
            ],
            [
              -56.98926926,
              -27.48622894
            ],
            [
              -56.99294662,
              -27.48508453
            ],
            [
              -56.99629593,
              -27.48462677
            ],
            [
              -57,
              -27.48569488
            ],
            [
              -57.00792694,
              -27.48527908
            ],
            [
              -57.02138519,
              -27.48343849
            ],
            [
              -57.02721367,
              -27.48396985
            ],
            [
              -57.0301952,
              -27.48424167
            ]
          ],
          [
            [
              -56.73467433,
              -27.48399966
            ],
            [
              -56.73486468,
              -27.48799715
            ],
            [
              -56.73486468,
              -27.49180429
            ],
            [
              -56.73296111,
              -27.49542107
            ],
            [
              -56.7312479,
              -27.49675357
            ],
            [
              -56.72610827,
              -27.49960892
            ],
            [
              -56.72591791,
              -27.50017999
            ],
            [
              -56.71716149,
              -27.50627141
            ],
            [
              -56.71601935,
              -27.50760391
            ],
            [
              -56.7144965,
              -27.51122069
            ],
            [
              -56.71430614,
              -27.5142664
            ],
            [
              -56.702364,
              -27.52194564
            ],
            [
              -56.70104241,
              -27.52448716
            ],
            [
              -56.70012747,
              -27.52702868
            ],
            [
              -56.69824674,
              -27.52982435
            ],
            [
              -56.69707764,
              -27.53119677
            ],
            [
              -56.69402782,
              -27.53444992
            ],
            [
              -56.69133381,
              -27.53678811
            ],
            [
              -56.68835722,
              -27.53831469
            ],
            [
              -56.68784007,
              -27.5388706
            ],
            [
              -56.6839634,
              -27.54187116
            ],
            [
              -56.68142188,
              -27.54415852
            ],
            [
              -56.679287,
              -27.54609008
            ],
            [
              -56.67710129,
              -27.54868243
            ],
            [
              -56.67654216,
              -27.55051232
            ],
            [
              -56.67674548,
              -27.55351132
            ],
            [
              -56.6774571,
              -27.55712028
            ],
            [
              -56.67735544,
              -27.56001761
            ],
            [
              -56.67786375,
              -27.56327076
            ],
            [
              -56.67908368,
              -27.56687972
            ],
            [
              -56.6804561,
              -27.56967539
            ],
            [
              -56.68142188,
              -27.57140362
            ],
            [
              -56.68350592,
              -27.57455511
            ],
            [
              -56.68599661,
              -27.57694414
            ],
            [
              -56.68919893,
              -27.57902818
            ],
            [
              -56.69255373,
              -27.58014645
            ],
            [
              -56.69585771,
              -27.58141721
            ],
            [
              -56.69849596,
              -27.58193336
            ],
            [
              -56.70363476,
              -27.58284046
            ],
            [
              -56.70643044,
              -27.58350126
            ],
            [
              -56.71024272,
              -27.5857378
            ],
            [
              -56.7150716,
              -27.58899094
            ],
            [
              -56.7174098,
              -27.59137997
            ],
            [
              -56.71946337,
              -27.59359539
            ],
            [
              -56.72203537,
              -27.59732713
            ],
            [
              -56.72361111,
              -27.59859789
            ],
            [
              -56.72513603,
              -27.59951284
            ],
            [
              -56.72706758,
              -27.60027529
            ],
            [
              -56.72763112,
              -27.60047065
            ],
            [
              -56.73087986,
              -27.60159688
            ],
            [
              -56.73738615,
              -27.60373176
            ],
            [
              -56.74323165,
              -27.60500252
            ],
            [
              -56.74719642,
              -27.60500252
            ],
            [
              -56.75095787,
              -27.60378259
            ],
            [
              -56.75507513,
              -27.60291847
            ],
            [
              -56.7591924,
              -27.60174937
            ],
            [
              -56.7643771,
              -27.59997031
            ],
            [
              -56.76737609,
              -27.59900453
            ],
            [
              -56.77037509,
              -27.59824208
            ],
            [
              -56.77535647,
              -27.59483644
            ],
            [
              -56.77916875,
              -27.59198994
            ],
            [
              -56.78298103,
              -27.58985506
            ],
            [
              -56.78725078,
              -27.58802516
            ],
            [
              -56.79075808,
              -27.58716105
            ],
            [
              -56.79406206,
              -27.58685607
            ],
            [
              -56.79589195,
              -27.58695773
            ],
            [
              -56.79792517,
              -27.58797433
            ],
            [
              -56.8008225,
              -27.58960091
            ],
            [
              -56.80392316,
              -27.59148163
            ],
            [
              -56.80768461,
              -27.59320987
            ],
            [
              -56.81231017,
              -27.59575139
            ],
            [
              -56.81449588,
              -27.59750504
            ],
            [
              -56.81663076,
              -27.59933493
            ],
            [
              -56.82059553,
              -27.60218143
            ],
            [
              -56.8257294,
              -27.60426548
            ],
            [
              -56.8292367,
              -27.60538375
            ],
            [
              -56.83264233,
              -27.60594288
            ],
            [
              -56.83523469,
              -27.60568873
            ],
            [
              -56.83813202,
              -27.60568873
            ],
            [
              -56.84163932,
              -27.60594288
            ],
            [
              -56.84509578,
              -27.60640036
            ],
            [
              -56.84926388,
              -27.6062987
            ],
            [
              -56.85327948,
              -27.60523126
            ],
            [
              -56.85526187,
              -27.60411299
            ],
            [
              -56.85841335,
              -27.60192728
            ],
            [
              -56.86171733,
              -27.60030071
            ],
            [
              -56.86476715,
              -27.59958908
            ],
            [
              -56.87056182,
              -27.59821666
            ],
            [
              -56.87300168,
              -27.59750504
            ],
            [
              -56.87859302,
              -27.59542099
            ],
            [
              -56.88454018,
              -27.59308279
            ],
            [
              -56.89114813,
              -27.59094791
            ],
            [
              -56.89658699,
              -27.58881304
            ],
            [
              -56.90004345,
              -27.58698314
            ],
            [
              -56.90314411,
              -27.58515325
            ],
            [
              -56.90649892,
              -27.58123931
            ],
            [
              -56.90829886,
              -27.57852593
            ],
            [
              -56.91041286,
              -27.57646125
            ],
            [
              -56.91336102,
              -27.57371641
            ],
            [
              -56.91676666,
              -27.57188651
            ],
            [
              -56.92014206,
              -27.57139268
            ],
            [
              -56.92434039,
              -27.57102239
            ],
            [
              -56.92759353,
              -27.56949748
            ],
            [
              -56.93191412,
              -27.56660015
            ],
            [
              -56.93664135,
              -27.56288953
            ],
            [
              -56.94223269,
              -27.55831479
            ],
            [
              -56.94528252,
              -27.55384172
            ],
            [
              -56.94695992,
              -27.55048691
            ],
            [
              -56.94807819,
              -27.54581051
            ],
            [
              -56.94929812,
              -27.54027
            ],
            [
              -56.9512805,
              -27.5367627
            ],
            [
              -56.95320566,
              -27.53456682
            ],
            [
              -56.95453365,
              -27.53305208
            ],
            [
              -56.95758347,
              -27.52908731
            ],
            [
              -56.95971835,
              -27.52466506
            ],
            [
              -56.96134492,
              -27.5200395
            ],
            [
              -56.96158004,
              -27.51415841
            ],
            [
              -56.96281901,
              -27.50911096
            ],
            [
              -56.96454724,
              -27.50489203
            ],
            [
              -56.96522253,
              -27.50331527
            ],
            [
              -56.96566551,
              -27.50204553
            ],
            [
              -56.96614829,
              -27.50154418
            ],
            [
              -56.96963028,
              -27.49792827
            ],
            [
              -56.97430668,
              -27.49523426
            ],
            [
              -56.9799268,
              -27.49338955
            ],
            [
              -56.98472691,
              -27.49289606
            ],
            [
              -56.98864085,
              -27.49259108
            ],
            [
              -56.99133486,
              -27.49147281
            ],
            [
              -56.9952488,
              -27.49025288
            ],
            [
              -56.99753617,
              -27.49086284
            ],
            [
              -57.00048434,
              -27.49081201
            ],
            [
              -57.00475409,
              -27.48938876
            ],
            [
              -57.01171062,
              -27.48709477
            ],
            [
              -57.01736512,
              -27.48638249
            ],
            [
              -57.02264639,
              -27.48659309
            ],
            [
              -57.02711947,
              -27.48567814
            ],
            [
              -57.02981348,
              -27.48450904
            ],
            [
              -57.0301952,
              -27.48424167
            ],
            [
              -57.0301952,
              -27.48424167
            ]
          ]
        ]
      },
      "properties": {
        "reach": "Yacyreta - Corrientes",
        "river": "Paraná (medio)",
        "condicion": "aguas medias altas",
        "percentil": 25,
        "color": "#cfe2f3",
        "tendencia": "permanece",
        "level_m": null,
        "level_condicion": null,
        "discharge_m3s": 20000,
        "discharge_condicion": "aguas medias altas",
        "fecha": "2026-09-21T03:00:00Z"
      }
    }
  ]
}